station_id,station_name,city,state,country,latitude,longitude,charging_points,status,operator
479727,Nikol EV Charging station ,Pune,Unknown,India,18.7171819,74.18292088,1,Operational,Unknown
479445,Blaze Fast Charger For 2 Ev Wheeler ,Lb Nagar,Telangana,India,17.34047579,78.5453955,1,Operational,Bolt.Earth (IN)
479438,Tata Power Charging Station,Unknown,Odisha,India,22.2869608,86.7909833,1,Operational,Unknown
479437,Hindustan Petroleum Corporation Limited Charging Station,Unknown,Odisha,India,22.4497441,86.5949437,2,Operational,Unknown
479436,Hindustan Petroleum Corporation Limited,Unknown,Odisha,India,22.4498584,86.5950411,1,Operational,Unknown
479435,Jio-bp,Unknown,Odisha,India,22.14025,85.71265,1,Operational,Unknown
479434,Jio-bp,Unknown,Odisha,India,22.0015401,85.3279801,1,Operational,Unknown
479433,Ather Grid Charging Station,Unknown,Odisha,India,22.243666,84.827354,3,Operational,Unknown
479432,Ather Grid Charging Station,Unknown,Odisha,India,22.23666,84.77015,1,Operational,Unknown
479431,Ather Grid Charging Station,Unknown,Odisha,India,22.2267046,84.8641165,1,Operational,Unknown
479430,Tata Power Charging Station,Unknown,Odisha,India,22.2268099,84.7960364,1,Operational,Unknown
479429,Ather Charging Station,Unknown,Odisha,India,22.2278125,84.8183874,2,Operational,Unknown
479428,Ather charging station,Unknown,Odisha,India,22.1040381,84.0375432,1,Operational,Unknown
479427,Jio-bp,Unknown,Odisha,India,22.1100379,83.9953189,1,Operational,Unknown
479426,Ather Grid Charging Station,Unknown,Odisha,India,22.105083,84.037895,1,Operational,Unknown
479425,Tata Power Charging Station,Unknown,Odisha,India,21.762953,87.010724,1,Operational,Unknown
479424,Ather Grid Charging Station,Unknown,Odisha,India,21.940046,86.744606,1,Operational,Unknown
479423,WARIVO ELECTRIC SCOOTER SHOWROOM -PREMJIT MOTORS BARIPADA,Unknown,Odisha,India,21.9265285,86.7319555,1,Operational,Unknown
479422,Ather Grid Charging Station,Unknown,Odisha,India,21.909101,86.751335,1,Operational,Unknown
479421,Electric Vehicle Charging Station,Unknown,Odisha,India,21.8057616,85.9951672,1,Operational,Unknown
479420,Ather Grid Charging Station,Unknown,Odisha,India,21.85272,83.99909,1,Operational,Unknown
479419,Tata Power Charging Station,Unknown,Odisha,India,21.86703,83.966208,1,Operational,Unknown
479418,Ather Grid Charging Station,Unknown,Odisha,India,21.917408,83.38266,1,Operational,Unknown
479417,Tata Power Charging Station,Unknown,Odisha,India,21.920674,83.370714,1,Operational,Unknown
479416,BPCL Charging Station,Unknown,Odisha,India,21.872869,83.388349,1,Operational,Unknown
479415,Ankush Vehicles,Unknown,Odisha,India,21.8485001,82.7791088,1,Operational,Unknown
479414,CharjKaro Charging Station,Unknown,Odisha,India,21.8069144,82.7525293,2,Operational,Unknown
479413,BPCL Charging Station,Unknown,Odisha,India,21.8641043,82.4621088,1,Operational,Unknown
479412,Electric Vehicle Charging Station,Unknown,Odisha,India,21.8833782,82.1504942,1,Operational,Unknown
479411,BPCL Charging Station,Unknown,Odisha,India,21.734158,81.535732,1,Operational,Unknown
479410,Jio-bp pulse Charging Station,Unknown,Odisha,India,21.592751,87.020588,1,Operational,Unknown
479409,Jio-bp pulse Charging Station,Unknown,Odisha,India,21.5926108,87.0205579,1,Operational,Unknown
479408,Electric Vehicle Charging Station,Unknown,Odisha,India,21.5930166,87.0207285,1,Operational,Unknown
479407,Ather Grid Charging Station,Unknown,Odisha,India,21.481623,86.9069,3,Operational,Unknown
479406,Ather Charging Station,Unknown,Odisha,India,21.49872,86.93108,2,Operational,Unknown
479405,Electric Vehicle Charging Station,Unknown,Odisha,India,21.5746535,87.0984959,1,Operational,Unknown
479404,Tata Power Charging Station,Unknown,Odisha,India,21.479922,86.904904,1,Operational,Unknown
479403,Ather Charging Station,Unknown,Odisha,India,21.5064591,86.911091,1,Operational,Unknown
479402,Tata Power Charging Station,Unknown,Odisha,India,21.4978274,86.8896469,1,Operational,Unknown
479401,Tata Power Charging Station,Unknown,Odisha,India,21.548809,85.494006,1,Operational,Unknown
479400,Ather Grid Charging Station,Unknown,Odisha,India,21.6324613,85.5907884,1,Operational,Unknown
479399,Electric Vehicle Charging Station,Unknown,Odisha,India,21.5490869,85.4942709,1,Operational,Unknown
479398,Ather Charging Station,Unknown,Odisha,India,21.65143,85.59395,1,Operational,Unknown
479397,Ather Grid Charging Station,Unknown,Odisha,India,21.491887,83.9860082,1,Operational,Unknown
479396,Ather Grid Charging Station,Unknown,Odisha,India,21.467634,83.977264,2,Operational,Unknown
479395,Tata Power Charging Station,Unknown,Odisha,India,21.5106163,84.0059202,1,Operational,Unknown
479394,Ather Charging Station,Unknown,Odisha,India,21.49525,83.97572,1,Operational,Unknown
479393,Tata Power Charging Station,Unknown,Odisha,India,21.5010249,83.8913131,4,Operational,Unknown
479392,BPCL Charging Station,Unknown,Odisha,India,21.494135,83.98229,1,Operational,Unknown
479391,Jio-bp,Unknown,Odisha,India,21.6326653,82.1592037,1,Operational,Unknown
479390,Jio-bp,Unknown,Odisha,India,21.55027,81.94746,1,Operational,Unknown
479389,Ather Grid Charging Station,Unknown,Odisha,India,21.51608,81.69389,2,Operational,Unknown
479388,PRATIK E RICKSHAW,Unknown,Odisha,India,21.7025644,81.5427175,1,Operational,Unknown
479387,Ather Grid Charging Station,Unknown,Odisha,India,21.697687,81.54614,1,Operational,Unknown
479386,Tata Power Charging Station,Unknown,Odisha,India,21.63401,81.62389,1,Operational,Unknown
479385,BPCL Charging Station,Unknown,Odisha,India,21.5166085,81.6939279,1,Operational,Unknown
479384,Jio-bp pulse Charging Station,Unknown,Odisha,India,21.317264,86.725105,1,Operational,Unknown
479383,Electric Vehicle Charging Station,Unknown,Odisha,India,21.2845369,86.6749795,1,Operational,Unknown
479382,BPCL Charging Station,Unknown,Odisha,India,21.3825286,86.79633,1,Operational,Unknown
479381,BPCL Charging Station,Unknown,Odisha,India,21.358081,86.784451,1,Operational,Unknown
479380,Electric Vehicle Charging Station,Unknown,Odisha,India,21.2216615,86.1190697,1,Operational,Unknown
479379,Ather Grid Charging Station,Unknown,Odisha,India,21.200249,86.12389,1,Operational,Unknown
479378,BPCL Charging Station,Unknown,Odisha,India,21.3652959,83.7440391,1,Operational,Unknown
479377,BPCL Charging Station,Unknown,Odisha,India,21.314257,83.4589782,1,Operational,Unknown
479376,BPCL Charging Station,Unknown,Odisha,India,21.3127038,83.3128902,1,Operational,Unknown
479375,BPCL Charging Station,Unknown,Odisha,India,21.314738,83.309171,1,Operational,Unknown
479374,Adani Charging Station,Unknown,Odisha,India,21.296246,82.921301,3,Operational,Unknown
479373,Ather Grid Charging Station,Unknown,Odisha,India,21.32392,81.7012,1,Operational,Unknown
479372,Electric Vehicle Charging Station,Unknown,Odisha,India,21.2020656,81.9192961,1,Operational,Unknown
479371,BPCL Charging Station,Unknown,Odisha,India,21.2057845,81.872112,1,Operational,Unknown
479370,Jio-bp,Unknown,Odisha,India,21.3028027,81.7368091,1,Operational,Unknown
479369,Electric Vehicle Charging Station,Unknown,Odisha,India,21.2182526,81.6301313,1,Operational,Unknown
479368,NIKOL EV Charging Station,Unknown,Odisha,India,21.3173134,81.6397184,1,Operational,Unknown
479367,Tata Power Charging Station,Unknown,Odisha,India,21.2377887,81.6896835,1,Operational,Unknown
479366,BPCL Charging Station,Unknown,Odisha,India,21.2495941,81.523425,1,Operational,Unknown
479365,Jio-bp,Unknown,Odisha,India,21.341343,81.429919,1,Operational,Unknown
479364,BPCL Charging Station,Unknown,Odisha,India,21.364806,81.6637644,1,Operational,Unknown
479363,Ather Grid Charging Station,Unknown,Odisha,India,21.2416455,81.4959004,1,Operational,Unknown
479362,BPCL Charging Station,Unknown,Odisha,India,21.335394,81.621727,1,Operational,Unknown
479361,Tata Power Charging Station,Unknown,Odisha,India,21.2404095,81.6577801,1,Operational,Unknown
479360,Ather Grid Charging Station,Unknown,Odisha,India,21.2444126,81.607608,1,Operational,Unknown
479359,BPCL Charging Station,Unknown,Odisha,India,21.315833,81.639605,1,Operational,Unknown
479358,Laxmi E Bike Solution,Unknown,Odisha,India,21.2346227,81.6644444,1,Operational,Unknown
479357,Ather Grid Charging Station,Unknown,Odisha,India,21.2404001,81.6029695,1,Operational,Unknown
479356,BPCL Charging Station,Unknown,Odisha,India,21.24332,81.579622,1,Operational,Unknown
479355,Electric Vehicle Charging Station,Unknown,Odisha,India,21.2350671,81.6309002,2,Operational,Unknown
479354,Ather Charging Station,Unknown,Odisha,India,21.2440004,81.6347188,1,Operational,Unknown
479353,Ather Charging Station,Unknown,Odisha,India,21.225601,81.6560523,2,Operational,Unknown
479352,Tata Power Charging Station,Unknown,Odisha,India,21.2553683,81.6294531,2,Operational,Unknown
479351,Ather Grid Charging Station,Unknown,Odisha,India,21.2402071,81.6843083,1,Operational,Unknown
479350,Ola Charging Station,Unknown,Odisha,India,21.2395532,81.6776714,1,Operational,Unknown
479349,Bolt.Earth,Unknown,Odisha,India,21.0984032,86.5266842,1,Operational,Unknown
479348,Ather Grid Charging Station,Unknown,Odisha,India,21.071771,86.49832,1,Operational,Unknown
479347,Jio-bp pulse Charging Station,Unknown,Odisha,India,21.0702881,86.4970845,1,Operational,Unknown
479346,Jio-bp pulse Charging Station,Unknown,Odisha,India,20.9758779,86.4012231,1,Operational,Unknown
479345,Tata Power Charging Station,Unknown,Odisha,India,21.06981,86.496256,1,Operational,Unknown
479344,Ather Grid Charging Station,Unknown,Odisha,India,21.104305,86.532646,1,Operational,Unknown
479343,Ather Grid Charging Station,Unknown,Odisha,India,20.9362048,86.1646624,1,Operational,Unknown
479342,Tata Power Charging Station,Unknown,Odisha,India,20.9189587,86.2169684,1,Operational,Unknown
479341,Electric Vehicle Charging Station,Unknown,Odisha,India,20.9867242,85.989196,1,Operational,Unknown
479340,Tata Power Charging Station,Unknown,Odisha,India,20.9502562,85.989753,1,Operational,Unknown
479339,BPCL Charging Station,Unknown,Odisha,India,21.0685308,82.3617326,1,Operational,Unknown
479338,EESL Charging Station,Unknown,Odisha,India,21.1636206,81.788358,1,Operational,Unknown
479337,Tata Power Charging Station,Unknown,Odisha,India,21.1612821,81.796672,1,Operational,Unknown
479336,EESL Charging Station,Unknown,Odisha,India,21.1613368,81.7964476,1,Operational,Unknown
479335,BPCL Charging Station,Unknown,Odisha,India,21.0784588,81.7518659,1,Operational,Unknown
479334,Ather Grid Charging Station,Unknown,Odisha,India,21.1340895,81.7723539,1,Operational,Unknown
479333,BPCL Charging Station,Unknown,Odisha,India,21.0435101,81.7320747,1,Operational,Unknown
479332,Om sai corporation e rickshaw,Unknown,Odisha,India,21.0478294,81.5331778,1,Operational,Unknown
479331,Electric Vehicle Charging Station,Unknown,Odisha,India,21.035982,81.5461322,1,Not Operational,Unknown
479330,Electric Vehicle Charging Station,Unknown,Odisha,India,21.0161093,81.7029005,600,Operational,Unknown
479329,Hindustan Petroleum Corporation Limited,Unknown,Odisha,India,20.838154,86.308423,1,Operational,Unknown
479328,Ather Grid Charging Station,Unknown,Odisha,India,20.7039371,86.1341964,1,Operational,Unknown
479327,Jio-bp pulse Charging Station,Unknown,Odisha,India,20.752399,86.150857,1,Operational,Unknown
479326,Electric Vehicle Charging Station,Unknown,Odisha,India,20.6581671,86.1173138,1,Operational,Unknown
479325,Ampere EV by Greaves - Green Wheels,Unknown,Odisha,India,20.6942379,86.1328793,1,Operational,Unknown
479324,BPCL Charging Station,Unknown,Odisha,India,20.656229,86.112809,1,Operational,Unknown
479323,Ather Grid Charging Station,Unknown,Odisha,India,20.6695199,85.5922933,1,Operational,Unknown
479322,Jio-bp,Unknown,Odisha,India,20.8014756,85.5434702,1,Operational,Unknown
479321,Tata Power Charging Station,Unknown,Odisha,India,20.8317557,85.2416603,1,Operational,Unknown
479320,Thunder Plus Charging Station,Unknown,Odisha,India,20.8317352,85.2416586,1,Operational,Unknown
479319,Tata Power Ez Charging Station,Unknown,Odisha,India,20.8327932,85.2382886,1,Operational,Unknown
479318,Ather Grid Charging Station,Unknown,Odisha,India,20.832794,85.085236,1,Operational,Unknown
479317,Tata Power Charging Station,Unknown,Odisha,India,20.8450685,85.1162026,2,Operational,Unknown
479316,Hindustan Petroleum Corporation Limited Charging Station,Unknown,Odisha,India,20.8235109,85.0620926,1,Operational,Unknown
479315,Hindustan Petroleum Corporation Limited,Unknown,Odisha,India,20.8234079,85.0620499,1,Operational,Unknown
479314,Jio-bp,Unknown,Odisha,India,20.80489,84.03399,1,Operational,Unknown
479313,Electric Vehicle Charging Station,Unknown,Odisha,India,20.8577541,83.9441821,1,Operational,Unknown
479312,Electric Vehicle Charging Station,Unknown,Odisha,India,20.8471861,83.894135,1,Operational,Unknown
479311,Tata Power Charging Station,Unknown,Odisha,India,20.7425344,81.5791428,1,Operational,Unknown
479310,BPCL Charging Station,Unknown,Odisha,India,20.817085,81.6828102,1,Operational,Unknown
479309,Ather Grid Charging Station,Unknown,Odisha,India,20.5307153,86.3579333,1,Operational,Unknown
479308,kesannager electric office,Unknown,Odisha,India,20.4209459,86.0903038,1,Operational,Unknown
479307,Adani Charging Station,Unknown,Odisha,India,20.4823589,86.0581588,1,Operational,Unknown
479306,Tata Power Charging Station,Unknown,Odisha,India,20.3702497,85.8909745,1,Operational,Unknown
479305,Ather Grid Charging Station,Unknown,Odisha,India,20.491886,85.93527,1,Operational,Unknown
479304,Ather Grid Charging Station,Unknown,Odisha,India,20.4791192,85.8398223,1,Not Operational,Unknown
479303,Tata Power Charging Station,Unknown,Odisha,India,20.529316,85.949237,1,Operational,Unknown
479302,Ather Grid Charging Station,Unknown,Odisha,India,20.453737,85.88849,1,Operational,Unknown
479301,Electric Vehicle Charging Station,Unknown,Odisha,India,20.4116317,85.8794133,1,Operational,Unknown
479300,Tata Power Charging Station,Unknown,Odisha,India,20.481787,85.817213,1,Operational,Unknown
479299,Ather Grid Charging Station,Unknown,Odisha,India,20.4497938,85.8982001,1,Operational,Unknown
479298,Ather Grid Charging Station,Unknown,Odisha,India,20.469631,85.85469,1,Operational,Unknown
479297,Ather Grid Charging Station,Unknown,Odisha,India,20.460117,85.88938,1,Operational,Unknown
479296,Ather Grid Charging Station,Unknown,Odisha,India,20.44235,85.90481,1,Operational,Unknown
479295,Bal Gopal Motors,Unknown,Odisha,India,20.4551603,85.8866555,1,Operational,Unknown
479294,Ather Charging Station,Unknown,Odisha,India,20.446043,85.9069427,1,Operational,Unknown
479293,Ather Grid Charging Station,Unknown,Odisha,India,20.4660615,85.9053606,1,Operational,Unknown
479292,Ather Grid Charging Station,Unknown,Odisha,India,20.474403,85.8447998,1,Operational,Unknown
479291,Tata Power Charging Station,Unknown,Odisha,India,20.4051611,85.8798077,2,Operational,Unknown
479290,Jio-bp pulse Charging Station,Unknown,Odisha,India,20.5506603,85.774418,1,Operational,Unknown
479289,Ather Grid Charging Station,Unknown,Odisha,India,20.4621758,85.8837439,1,Operational,Unknown
479288,Jio-bp pulse EV Charging Station,Unknown,Odisha,India,20.3770148,85.8893793,1,Operational,Unknown
479287,Hindustan Petroleum Corporation Limited,Unknown,Odisha,India,20.5512697,85.9854959,1,Operational,Unknown
479286,Hindustan Petroleum Corporation Limited,Unknown,Odisha,India,20.2895101,86.6453834,1,Operational,Unknown
479285,Tata Power Charging Station,Unknown,Odisha,India,20.307243,86.320751,1,Operational,Unknown
479284,Ather Grid Charging Station,Unknown,Odisha,India,20.2606974,86.2016437,2,Operational,Unknown
479283,BPCL Charging Station,Unknown,Odisha,India,20.193901,85.859992,1,Operational,Unknown
479282,Electric Vehicle Charging Station,Unknown,Odisha,India,20.289135,85.8152489,1,Operational,Unknown
479281,Ather Grid Charging Station,Unknown,Odisha,India,20.315432,85.82054,1,Not Operational,Unknown
479280,Adani Charging Station,Unknown,Odisha,India,20.3570179,85.8888203,5,Operational,Unknown
479279,Ather Grid Charging Station,Unknown,Odisha,India,20.256187,85.7868375,2,Operational,Unknown
479278,Ather Grid Charging Station,Unknown,Odisha,India,20.2614172,85.8438993,1,Operational,Unknown
479277,Tata Power Charging Station,Unknown,Odisha,India,20.2995501,85.8309735,1,Operational,Unknown
479276,Statiq Charging Station,Unknown,Odisha,India,20.2914763,85.8560122,2,Operational,Unknown
479275,Ather Grid Charging Station,Unknown,Odisha,India,20.2669537,85.8694239,1,Operational,Unknown
479274,Ather Charging Station,Unknown,Odisha,India,20.2640837,85.8457679,1,Operational,Unknown
479273,Statiq Charging Station,Unknown,Odisha,India,20.245772,85.783043,2,Operational,Unknown
479272,Tata Power Charging Station,Unknown,Odisha,India,20.259014,85.8397059,2,Operational,Unknown
479271,Ather Grid Charging Station,Unknown,Odisha,India,20.2710386,85.7838293,1,Operational,Unknown
479270,Ather Grid Charging Station,Unknown,Odisha,India,20.2986351,85.8227086,1,Operational,Unknown
479269,Adani Charging Station,Unknown,Odisha,India,20.2529878,85.818779,2,Operational,Unknown
479268,Ather Charging Station,Unknown,Odisha,India,20.2476107,85.8409846,1,Operational,Unknown
479267,Ather Grid Charging Station,Unknown,Odisha,India,20.283109,85.8060111,1,Operational,Unknown
479266,BPCL Charging Station,Unknown,Odisha,India,20.25473,85.787241,2,Operational,Unknown
479265,Tata Power Charging Station,Unknown,Odisha,India,20.2269974,85.841081,3,Operational,Unknown
479264,Ola Electric Mobility Charging Station,Unknown,Odisha,India,20.2573761,85.840973,1,Operational,Unknown
479263,DiodeEV Charging Station,Unknown,Odisha,India,20.2277148,85.7356304,1,Operational,Unknown
479262,Statiq Charging Station,Unknown,Odisha,India,20.205643,85.644066,2,Operational,Unknown
479261,Tata Power Charging Station,Unknown,Odisha,India,20.2411801,85.7591555,3,Operational,Unknown
479260,Tata Power Charging Station,Unknown,Odisha,India,20.238165,85.756643,2,Operational,Unknown
479259,Kazam Charging Station,Unknown,Odisha,India,20.2555141,85.6866637,1,Operational,Unknown
479258,Thunder Plus Charging Station,Unknown,Odisha,India,20.242778,85.756117,1,Operational,Unknown
479257,Kazam Charging Station,Unknown,Odisha,India,20.2530223,85.6869698,7,Operational,Unknown
479256,Kazam Charging Station,Unknown,Odisha,India,20.2546992,85.6867814,1,Operational,Unknown
479255,Tata Power Charging Station,Unknown,Odisha,India,20.2306078,85.7376707,2,Operational,Unknown
479254,Tata Power Charging Station,Unknown,Odisha,India,20.2407436,85.7590281,1,Operational,Unknown
479253,Electric Vehicle Charging Station,Unknown,Odisha,India,20.223618,85.726762,1,Operational,Unknown
479252,Electric Vehicle Charging Station,Unknown,Odisha,India,20.1939131,85.6521488,1,Operational,Unknown
479251,Ather Grid Charging Station,Unknown,Odisha,India,20.178873,85.61153,1,Operational,Unknown
479250,Hindustan Petroleum Corporation Limited,Unknown,Odisha,India,20.1545358,85.0637881,1,Operational,Unknown
479249,Jio-bp,Unknown,Odisha,India,20.141301,83.968362,1,Operational,Unknown
479248,Electric Vehicle Charging Station,Unknown,Odisha,India,20.2027864,82.936256,1,Operational,Unknown
479247,BPCL Charging Station,Unknown,Odisha,India,20.3013862,82.7516433,2,Operational,Unknown
479246,"MIRZA RIYAZ HOUSE , CONNON XEROX SERVICE CENTRE,",Unknown,Odisha,India,20.0299963,86.131915,1,Operational,Unknown
479245,Jio-bp pulse Charging Station,Unknown,Odisha,India,20.036226,85.825447,1,Operational,Unknown
479244,Jio-bp pulse Charging Station,Unknown,Odisha,India,19.9812257,85.8251193,1,Operational,Unknown
479243,Ather Charging Station,Unknown,Odisha,India,20.001994,85.8205414,1,Operational,Unknown
479242,Ather Grid Charging Station,Unknown,Odisha,India,19.913864,85.98975,1,Not Operational,Unknown
479241,Electric Vehicle Charging Station,Unknown,Odisha,India,20.0089777,85.8138496,1,Operational,Unknown
479240,BPCL Charging Station,Unknown,Odisha,India,20.0090935,85.813832,1,Operational,Unknown
479239,Tata Power Charging Station,Unknown,Odisha,India,19.8373153,85.8366266,2,Operational,Unknown
479238,Hindustan Petroleum Corporation Limited,Unknown,Odisha,India,19.887409,85.803106,1,Operational,Unknown
479237,Ather Grid Charging Station,Unknown,Odisha,India,19.864923,85.66567,1,Operational,Unknown
479236,Tata Power Charging Station,Unknown,Odisha,India,19.9604389,85.4336031,1,Operational,Unknown
479235,BPCL Charging Station,Unknown,Odisha,India,19.995597,85.479968,1,Operational,Unknown
479234,Hindustan Petroleum Corporation Limited,Unknown,Odisha,India,19.9901672,85.4736527,1,Operational,Unknown
479233,Ather Grid Charging Station,Unknown,Odisha,India,19.924364,84.57135,1,Operational,Unknown
479232,Jio-bp,Unknown,Odisha,India,20.038907,84.638569,1,Operational,Unknown
479231,Tata Power Charging Station,Unknown,Odisha,India,19.924915,83.174075,1,Operational,Unknown
479230,Electric Vehicle Charging Station,Unknown,Odisha,India,20.0887924,82.3621049,11,Operational,Unknown
479229,G.K Rickshaw,Unknown,Odisha,India,19.8134808,85.8362997,1,Operational,Unknown
479228,Ather Grid Charging Station,Unknown,Odisha,India,19.7952607,85.8132809,1,Operational,Unknown
479227,KACHERI SECTION TPCODL,Unknown,Odisha,India,19.8024197,85.8239399,1,Operational,Unknown
479226,Relux Charging Station,Unknown,Odisha,India,19.7907462,85.8030868,1,Operational,Unknown
479225,Electric Vehicle Charging Station,Unknown,Odisha,India,19.718938,85.5235713,1,Operational,Unknown
479224,Ather Grid Charging Station,Unknown,Odisha,India,19.799158,85.664566,1,Operational,Unknown
479223,Ather Grid Charging Station,Unknown,Odisha,India,19.71935,85.5244868,1,Operational,Unknown
479222,Jio-bp pulse Charging Station,Unknown,Odisha,India,19.67855,85.171409,1,Operational,Unknown
479221,Tata Power Charging Station,Unknown,Odisha,India,19.6782474,85.1714786,1,Operational,Unknown
479220,Adani Charging Station,Unknown,Odisha,India,19.6331555,85.1353263,1,Operational,Unknown
479219,BPCL Charging Station,Unknown,Odisha,India,19.749316,85.207598,2,Operational,Unknown
479218,Jio-bp,Unknown,Odisha,India,19.731375,83.479141,1,Operational,Unknown
479217,Tata Power Charging Station,Unknown,Odisha,India,19.652453,82.225619,1,Operational,Unknown
479216,Ather Grid Charging Station,Unknown,Odisha,India,19.31151,84.83354,1,Operational,Unknown
479215,Ather Grid Charging Station,Unknown,Odisha,India,19.34123,84.76845,1,Operational,Unknown
479214,Ather Grid Charging Station,Unknown,Odisha,India,19.324255,84.87503,1,Operational,Unknown
479213,Electric Vehicle Charging Station,Unknown,Odisha,India,19.3171717,84.7772474,1,Operational,Unknown
479212,Electric Vehicle Charging Station,Unknown,Odisha,India,19.3071386,84.8292277,1,Operational,Unknown
479211,Electric Vehicle Charging Station,Unknown,Odisha,India,19.3194175,84.7844863,1,Operational,Unknown
479210,Ather Grid Charging Station,Unknown,Odisha,India,19.308462,84.77319,1,Operational,Unknown
479209,Ather Grid Charging Station,Unknown,Odisha,India,19.301504,84.83013,1,Operational,Unknown
479208,Ather Grid Charging Station,Unknown,Odisha,India,19.306038,84.78173,1,Not Operational,Unknown
479207,Tata Power Charging Station,Unknown,Odisha,India,19.315211,84.858144,2,Operational,Unknown
479206,Ather Grid Charging Station,Unknown,Odisha,India,19.31608,84.85278,1,Operational,Unknown
479205,Ather Grid Charging Station,Unknown,Odisha,India,19.30744,84.81665,1,Operational,Unknown
479204,Electric Vehicle Charging Station,Unknown,Odisha,India,19.3176997,84.7905836,1,Operational,Unknown
479203,Ather Grid Charging Station,Unknown,Odisha,India,19.32163,84.86715,1,Operational,Unknown
479202,Ather Grid Charging Station,Unknown,Odisha,India,19.319885,84.78113,1,Operational,Unknown
479201,Ather Grid Charging Station,Unknown,Odisha,India,19.2956471,84.8195658,1,Operational,Unknown
479200,BPCL Charging Station,Unknown,Odisha,India,19.334627,84.768619,1,Operational,Unknown
479199,Ather Charging Station,Unknown,Odisha,India,19.3057277,84.7817268,1,Not Operational,Unknown
479198,Ather Grid Charging Station,Unknown,Odisha,India,19.303381,84.795044,1,Operational,Unknown
479197,Tata Power Charging Station,Unknown,Odisha,India,19.2991714,84.8317631,1,Operational,Unknown
479196,Maa Tara Tarini Tour And Travels,Unknown,Odisha,India,19.447535,84.591458,1,Operational,Unknown
479195,Electric Vehicle Charging Station,Unknown,Odisha,India,19.180776,84.725327,1,Operational,Unknown
479194,Ather Grid Charging Station,Unknown,Odisha,India,19.26892,84.77745,1,Not Operational,Unknown
479193,BPCL Charging Station,Unknown,Odisha,India,19.183324,84.727616,1,Operational,Unknown
479192,Ather Grid Charging Station,Unknown,Odisha,India,19.194212,84.61756,1,Operational,Unknown
479191,Ather Grid Charging Station,Unknown,Odisha,India,18.845465,84.5031,1,Operational,Unknown
479190,DIMILI VILLAGE,Unknown,Odisha,India,18.8020625,83.9918125,1,Operational,Unknown
479189,Electric Vehicle Charging Station,Unknown,Odisha,India,18.7689167,83.4215387,1,Operational,Unknown
479188,Tata Power Charging Station,Unknown,Odisha,India,18.8582131,82.5899051,1,Operational,Unknown
479187,BPCL Charging Station,Unknown,Odisha,India,18.84732,82.565171,2,Operational,Unknown
479186,Ather Grid Charging Station,Unknown,Odisha,India,18.606024,84.229915,1,Operational,Unknown
479185,Tata Power Charging Station,Unknown,Odisha,India,18.534753,83.651339,1,Operational,Unknown
479184,okinawa electric scooter,Unknown,Odisha,India,18.5970465,83.7640945,1,Operational,Unknown
479183,Electric Vehicle Charging Station,Unknown,Odisha,India,18.6104394,83.3992285,1,Operational,Unknown
479182,Tata Power Charging Station,Unknown,Odisha,India,18.5035093,83.2469705,1,Operational,Unknown
479181,Jio-bp,Unknown,Odisha,India,18.7012078,82.879837,1,Operational,Unknown
479180,Ather Grid Charging Station,Unknown,Odisha,India,18.295933,83.893148,1,Operational,Unknown
479179,Jio-bp pulse Charging Station,Unknown,Odisha,India,18.3262791,83.941268,1,Operational,Unknown
479178,Tata Power Charging Station,Unknown,Odisha,India,18.3243588,83.9391102,1,Operational,Unknown
479177,DK MOTORS,Unknown,Odisha,India,18.3226736,83.893722,1,Operational,Unknown
479176,Urzza Charging Station,Unknown,Odisha,India,18.4243285,84.0480246,1,Operational,Unknown
479175,Ather Energy Charging Station,Unknown,Odisha,India,18.309546,83.91882,1,Operational,Unknown
479174,Voltran Charging Station,Unknown,Odisha,India,18.3004408,83.8711628,1,Operational,Unknown
479173,Jio-bp,Unknown,Odisha,India,18.289378,83.914594,1,Operational,Unknown
479172,Ather Grid Charging Station,Unknown,Odisha,India,18.2791756,83.5261386,1,Operational,Unknown
479171,AtherGrid Charging Station,Unknown,Odisha,India,18.3372038,82.8779255,1,Operational,Unknown
479170,Ather Grid Charging Station,Unknown,Odisha,India,18.3225938,82.8776518,1,Operational,Unknown
479169,Charzer Charging Station,Unknown,Odisha,India,18.2958652,82.9144748,1,Operational,Unknown
479168,Electric Vehicle Charging Station,Unknown,Odisha,India,18.3137141,82.8937424,1,Operational,Unknown
479167,Tata Power Charging Station,Unknown,Odisha,India,18.139519,83.617595,1,Operational,Unknown
479166,Jio-bp pulse Charging Station,Unknown,Odisha,India,18.1499177,83.6353106,1,Operational,Unknown
479165,Tata Power Charging Station,Unknown,Odisha,India,18.173032,83.676949,1,Operational,Unknown
479164,JoulePoint Charging Station,Unknown,Odisha,India,18.0418515,83.5097221,1,Operational,Unknown
479163,Bolt.Earth Charging Station,Unknown,Odisha,India,18.0203857,83.4020948,1,Operational,Unknown
479162,Ather Grid Charging Station,Unknown,Odisha,India,18.0565007,83.3971128,1,Operational,Unknown
479161,Electric Vehicle Charging Station,Unknown,Odisha,India,18.0570972,83.3971881,1,Operational,Unknown
479160,ParkNConnect Charging Station,Unknown,Odisha,India,18.0928016,83.3884047,1,Operational,Unknown
479159,Ather Grid Charging Station,Unknown,Odisha,India,18.080786,83.38528,1,Operational,Unknown
479158,Hindustan Petroleum Corporation Limited Charging Station,Unknown,Odisha,India,17.9524227,83.4163581,1,Operational,Unknown
479157,Ather Grid Charging Station,Unknown,Odisha,India,18.0801438,83.3853509,1,Operational,Unknown
479156,Hindustan Petroleum Corporation Limited,Unknown,Odisha,India,17.952421,83.416311,1,Operational,Unknown
479155,Tata Power Charging Station,Unknown,Odisha,India,17.9577677,83.1773604,1,Operational,Unknown
479154,Ather Grid Charging Station,Unknown,Odisha,India,18.116682,83.13772,1,Operational,Unknown
479153,Tata Power Charging Station,Unknown,Odisha,India,17.9577677,83.1773604,1,Operational,Unknown
479152,Ather Grid Charging Station,Unknown,Odisha,India,18.116682,83.13772,1,Operational,Unknown
479145,BPCL Charging Station,Unknown,Odisha,India,19.995597,85.479968,1,Operational,Unknown
479144,Hindustan Petroleum Corporation Limited,Unknown,Odisha,India,19.9901672,85.4736527,1,Operational,Unknown
479143,Ather Grid Charging Station,Unknown,Odisha,India,19.924364,84.57135,1,Operational,Unknown
479142,Jio-bp,Unknown,Odisha,India,20.038907,84.638569,1,Operational,Unknown
479141,Tata Power Charging Station,Unknown,Odisha,India,19.924915,83.174075,1,Operational,Unknown
479140,Electric Vehicle Charging Station,Unknown,Odisha,India,20.0887924,82.3621049,11,Operational,Unknown
479139,G.K Rickshaw,Unknown,Odisha,India,19.8134808,85.8362997,1,Operational,Unknown
479138,Ather Grid Charging Station,Unknown,Odisha,India,19.7952607,85.8132809,1,Operational,Unknown
479137,KACHERI SECTION TPCODL,Unknown,Odisha,India,19.8024197,85.8239399,1,Operational,Unknown
479136,Relux Charging Station,Unknown,Odisha,India,19.7907462,85.8030868,1,Operational,Unknown
479135,Electric Vehicle Charging Station,Unknown,Odisha,India,19.718938,85.5235713,1,Operational,Unknown
479134,Ather Grid Charging Station,Unknown,Odisha,India,19.799158,85.664566,1,Operational,Unknown
479133,Ather Grid Charging Station,Unknown,Odisha,India,19.71935,85.5244868,1,Operational,Unknown
479132,Jio-bp pulse Charging Station,Unknown,Odisha,India,19.67855,85.171409,1,Operational,Unknown
479131,Tata Power Charging Station,Unknown,Odisha,India,19.6782474,85.1714786,1,Operational,Unknown
479130,Adani Charging Station,Unknown,Odisha,India,19.6331555,85.1353263,1,Operational,Unknown
479129,BPCL Charging Station,Unknown,Odisha,India,19.749316,85.207598,2,Operational,Unknown
479128,Jio-bp,Unknown,Odisha,India,19.731375,83.479141,1,Operational,Unknown
479127,Tata Power Charging Station,Unknown,Odisha,India,19.652453,82.225619,1,Operational,Unknown
479126,Ather Grid Charging Station,Unknown,Odisha,India,19.31151,84.83354,1,Operational,Unknown
479125,Ather Grid Charging Station,Unknown,Odisha,India,19.34123,84.76845,1,Operational,Unknown
479124,Ather Grid Charging Station,Unknown,Odisha,India,19.324255,84.87503,1,Operational,Unknown
479123,Electric Vehicle Charging Station,Unknown,Odisha,India,19.3171717,84.7772474,1,Operational,Unknown
479122,Electric Vehicle Charging Station,Unknown,Odisha,India,19.3071386,84.8292277,1,Operational,Unknown
479121,Electric Vehicle Charging Station,Unknown,Odisha,India,19.3194175,84.7844863,1,Operational,Unknown
479120,Ather Grid Charging Station,Unknown,Odisha,India,19.308462,84.77319,1,Operational,Unknown
479119,Ather Grid Charging Station,Unknown,Odisha,India,19.301504,84.83013,1,Operational,Unknown
479118,Ather Grid Charging Station,Unknown,Odisha,India,19.306038,84.78173,1,Not Operational,Unknown
479117,Tata Power Charging Station,Unknown,Odisha,India,19.315211,84.858144,2,Operational,Unknown
479116,Ather Grid Charging Station,Unknown,Odisha,India,19.31608,84.85278,1,Operational,Unknown
479115,Ather Grid Charging Station,Unknown,Odisha,India,19.30744,84.81665,1,Operational,Unknown
479114,Electric Vehicle Charging Station,Unknown,Odisha,India,19.3176997,84.7905836,1,Operational,Unknown
479113,Ather Grid Charging Station,Unknown,Odisha,India,19.32163,84.86715,1,Operational,Unknown
479112,Ather Grid Charging Station,Unknown,Odisha,India,19.319885,84.78113,1,Operational,Unknown
479111,Ather Grid Charging Station,Unknown,Odisha,India,19.2956471,84.8195658,1,Operational,Unknown
479110,BPCL Charging Station,Unknown,Odisha,India,19.334627,84.768619,1,Operational,Unknown
479109,Ather Charging Station,Unknown,Odisha,India,19.3057277,84.7817268,1,Not Operational,Unknown
479108,Ather Grid Charging Station,Unknown,Odisha,India,19.303381,84.795044,1,Operational,Unknown
479107,Tata Power Charging Station,Unknown,Odisha,India,19.2991714,84.8317631,1,Operational,Unknown
479106,Maa Tara Tarini Tour And Travels,Unknown,Odisha,India,19.447535,84.591458,1,Operational,Unknown
479105,Electric Vehicle Charging Station,Unknown,Odisha,India,19.180776,84.725327,1,Operational,Unknown
479104,Ather Grid Charging Station,Unknown,Odisha,India,19.26892,84.77745,1,Not Operational,Unknown
479103,BPCL Charging Station,Unknown,Odisha,India,19.183324,84.727616,1,Operational,Unknown
479102,Ather Grid Charging Station,Unknown,Odisha,India,19.194212,84.61756,1,Operational,Unknown
479101,Ather Grid Charging Station,Unknown,Odisha,India,18.845465,84.5031,1,Operational,Unknown
479100,DIMILI VILLAGE,Unknown,Odisha,India,18.8020625,83.9918125,1,Operational,Unknown
479099,Electric Vehicle Charging Station,Unknown,Odisha,India,18.7689167,83.4215387,1,Operational,Unknown
479098,Tata Power Charging Station,Unknown,Odisha,India,18.8582131,82.5899051,1,Operational,Unknown
479097,BPCL Charging Station,Unknown,Odisha,India,18.84732,82.565171,2,Operational,Unknown
479096,Ather Grid Charging Station,Unknown,Odisha,India,18.606024,84.229915,1,Operational,Unknown
479095,Tata Power Charging Station,Unknown,Odisha,India,18.534753,83.651339,1,Operational,Unknown
479094,okinawa electric scooter,Unknown,Odisha,India,18.5970465,83.7640945,1,Operational,Unknown
479093,Electric Vehicle Charging Station,Unknown,Odisha,India,18.6104394,83.3992285,1,Operational,Unknown
479092,Tata Power Charging Station,Unknown,Odisha,India,18.5035093,83.2469705,1,Operational,Unknown
479091,Jio-bp,Unknown,Odisha,India,18.7012078,82.879837,1,Operational,Unknown
479090,Ather Grid Charging Station,Unknown,Odisha,India,18.295933,83.893148,1,Operational,Unknown
479089,Jio-bp pulse Charging Station,Unknown,Odisha,India,18.3262791,83.941268,1,Operational,Unknown
479088,Tata Power Charging Station,Unknown,Odisha,India,18.3243588,83.9391102,1,Operational,Unknown
479086,DK MOTORS,Unknown,Odisha,India,18.3226736,83.893722,1,Operational,Unknown
479085,Urzza Charging Station,Unknown,Odisha,India,18.4243285,84.0480246,1,Operational,Unknown
479084,Ather Energy Charging Station,Unknown,Odisha,India,18.309546,83.91882,1,Operational,Unknown
479083,Voltran Charging Station,Unknown,Odisha,India,18.3004408,83.8711628,1,Operational,Unknown
479082,Jio-bp,Unknown,Odisha,India,18.289378,83.914594,1,Operational,Unknown
479081,Ather Grid Charging Station,Unknown,Odisha,India,18.2791756,83.5261386,1,Operational,Unknown
479080,AtherGrid Charging Station,Unknown,Odisha,India,18.3372038,82.8779255,1,Operational,Unknown
479079,Ather Grid Charging Station,Unknown,Odisha,India,18.3225938,82.8776518,1,Operational,Unknown
479078,Charzer Charging Station,Unknown,Odisha,India,18.2958652,82.9144748,1,Operational,Unknown
479077,Electric Vehicle Charging Station,Unknown,Odisha,India,18.3137141,82.8937424,1,Operational,Unknown
479076,Tata Power Charging Station,Unknown,Odisha,India,18.139519,83.617595,1,Operational,Unknown
479075,Jio-bp pulse Charging Station,Unknown,Odisha,India,18.1499177,83.6353106,1,Operational,Unknown
479074,Tata Power Charging Station,Unknown,Odisha,India,18.173032,83.676949,1,Operational,Unknown
479073,JoulePoint Charging Station,Unknown,Odisha,India,18.0418515,83.5097221,1,Operational,Unknown
479072,Bolt.Earth Charging Station,Unknown,Odisha,India,18.0203857,83.4020948,1,Operational,Unknown
479071,Ather Grid Charging Station,Unknown,Odisha,India,18.0565007,83.3971128,1,Operational,Unknown
479070,Electric Vehicle Charging Station,Unknown,Odisha,India,18.0570972,83.3971881,1,Operational,Unknown
479069,ParkNConnect Charging Station,Unknown,Odisha,India,18.0928016,83.3884047,1,Operational,Unknown
479068,Ather Grid Charging Station,Unknown,Odisha,India,18.080786,83.38528,1,Operational,Unknown
479067,Hindustan Petroleum Corporation Limited Charging Station,Unknown,Odisha,India,17.9524227,83.4163581,1,Operational,Unknown
479066,Ather Grid Charging Station,Unknown,Odisha,India,18.0801438,83.3853509,1,Operational,Unknown
479065,Hindustan Petroleum Corporation Limited,Unknown,Odisha,India,17.952421,83.416311,1,Operational,Unknown
479064,Tata Power Charging Station,Unknown,Odisha,India,17.9577677,83.1773604,1,Operational,Unknown
479063,Ather Grid Charging Station,Unknown,Odisha,India,18.116682,83.13772,1,Operational,Unknown
479062,Jio-bp,Unknown,Odisha,India,18.289378,83.914594,1,Operational,Unknown
478918,Royal Drive EVCS,Venpalavattom,Kerala,India,8.50349548,76.91166164,2,Operational,GO EC (IN)
478917,Poovar PNT EVCS,Kulathoor,Kerala,India,8.315968833,77.09035465,3,Operational,GO EC (IN)
478916,Ayyappa EVCS,Erumely,Kerala,India,9.478662772,76.84487199,3,Operational,GO EC (IN)
478915,Adimali Rangers,Adimali,Kerala,India,10.0141442,76.94382997,2,Operational,GO EC (IN)
478914,Hill View EVCS,Munnar,Kerala,India,10.06993665,77.06094194,2,Operational,GO EC (IN)
478913,Cargo Auto Hub EVCS,Bharananganam,Kerala,India,9.702761975,76.72119375,2,Operational,GO EC (IN)
478912,Minerva EVCS,Ettumanoor,Kerala,India,9.692576429,76.55969005,2,Operational,GO EC (IN)
478911,Savoi Complex EVCS,Koothattukulam,Kerala,India,9.861340746,76.59599011,2,Operational,GO EC (IN)
478910,Haridwar EVCS,Koothattukulam,Kerala,India,9.872065277,76.59611459,3,Operational,GO EC (IN)
478909,Pattakulam EV Super Charging Station,Kothamangalam,Kerala,India,10.05863762,76.65237792,2,Operational,GO EC (IN)
478908,Eco Park EVCS,Pukkattupady,Kerala,India,10.06823616,76.38681353,2,Operational,GO EC (IN)
478907,Yash Square EVCS,Aluva,Kerala,India,10.11057497,76.37287274,2,Operational,GO EC (IN)
478906,Ie.On EVCS,Vazhakkulam,Kerala,India,10.08867027,76.42441988,2,Operational,GO EC (IN)
478905,JP Complex EVCS,Perumbavoor,Kerala,India,10.11154054,76.47892757,2,Operational,GO EC (IN)
478904,Electro Spark EVCS,Perumbavoor,Kerala,India,10.16308064,76.48721725,2,Operational,GO EC (IN)
478903,Smartvolt EVCS,Kalady,Kerala,India,10.16879256,76.43474413,2,Operational,GO EC (IN)
478902,Chendamangalam Combined Energy,Chendamangalam,Kerala,India,10.16452076,76.23328993,2,Operational,GO EC (IN)
478901,Ideal EV Super Charging Station,North Paravur,Kerala,India,10.14922378,76.2265059,2,Operational,GO EC (IN)
478900,rajeEVam EVCS,Kodungallur,Kerala,India,10.20314126,76.20040095,3,Operational,GO EC (IN)
478899,Nellikkunnu Snopcap EVCS,Nellikkunnu,Kerala,India,10.5121401,76.24889621,1,Operational,GO EC (IN)
478898,Chavakkad Golden Tower EVCS,Punnayur,Kerala,India,10.6429724,75.98558048,2,Operational,GO EC (IN)
478897,Guruvayoor Sreeja EVCS,Guruvayur,Kerala,India,10.59330983,76.03739688,2,Operational,GO EC (IN)
478896,Swathi EVCS,Kollengode,Kerala,India,10.61186018,76.68416479,1,Operational,GO EC (IN)
478895,Hi - Span EVCS,Pampampallam,Kerala,India,10.81963572,76.81019691,3,Operational,GO EC (IN)
478894,Page EVCS,Tirur,Kerala,India,10.90122132,75.92541639,2,Operational,GO EC (IN)
478893,Dilkush EVCS,Ramanattukara,Kerala,India,11.17979194,75.87213471,2,Operational,GO EC (IN)
478892,Calicut Malabar Gold HQ EVCS,Peruvayal,Kerala,India,11.28048199,75.87910483,2,Operational,GO EC (IN)
478891,Kunnamangalam Little Flower EVCS,Chelavoor,Kerala,India,11.29802224,75.85300039,2,Operational,GO EC (IN)
478890,Lulu Mall EVCS,Govindapuram,Kerala,India,11.24085462,75.80269852,5,Operational,GO EC (IN)
478888,Iris Mall EVCS,Balusseri,Kerala,India,11.44624844,75.83307969,4,Operational,GO EC (IN)
478887,Elektron EVCS,Perambra,Kerala,India,11.55125369,75.74625711,3,Operational,GO EC (IN)
478886,Power Drive EV Supercharging Station,Anjarakandy,Kerala,India,11.88139916,75.50131377,3,Operational,GO EC (IN)
478885,Sreekandapuram Samudra EVCS,Sreekandapuram,Kerala,India,12.04252833,75.50983364,2,Operational,GO EC (IN)
478884,Tamar Cafe,Kumbla,Kerala,India,12.60628184,74.93843824,1,Operational,GO EC (IN)
478883,Sheraton Grand Chennai Resort,Chennai,Tamil Nadu,India,12.74428581,80.2392813,2,Operational,Chargezone (India)
478882,Four Points By Sheraton,Mahabalipuram,Tamil Nadu,India,12.61307921,80.16879624,2,Operational,Chargezone (India)
478881,Pondur - Oragadam,Sriperumbudur,Tamil Nadu,India,12.92743399,79.93416223,4,Operational,Chargezone (India)
478880,Fairfield By Marriott,Sriperumbudur,Tamil Nadu,India,12.93260726,79.90581636,2,Operational,Chargezone (India)
478879,Hotel Seasons,Tiruvannamalai,Tamil Nadu,India,12.25866069,79.06838859,2,Operational,Chargezone (India)
478878,Sugam Hospitality,Arasur,Tamil Nadu,India,11.81284597,79.41801965,4,Operational,Chargezone (India)
478877,Ashva Hyundai,Elambalur,Tamil Nadu,India,11.26305138,78.89741318,2,Operational,Chargezone (India)
478876,Kovai Hyundai,Salem,Tamil Nadu,India,11.64835524,78.12020883,2,Operational,Chargezone (India)
478875,Lotus Hyundai,Coimbatore,Tamil Nadu,India,11.04548355,76.98578975,2,Operational,Chargezone (India)
478874,Vetri Hyundai,Thanjavur,Tamil Nadu,India,10.74085677,79.10755813,2,Operational,Chargezone (India)
478873,Courtyard By Marriott,Tiruchirappalli,Tamil Nadu,India,10.80435322,78.67725322,2,Operational,Chargezone (India)
478872,Oxina Hyundai,Tiruchirappalli,Tamil Nadu,India,10.7912074,78.65778448,2,Operational,Chargezone (India)
478871,Surya's Veggie Restaurant,Vaiyampatti,Tamil Nadu,India,10.56066896,78.32180842,2,Operational,Chargezone (India)
478870,Sree Karpagamoorthy Automobiles,Karaikudi,Tamil Nadu,India,10.07007841,78.72750458,2,Operational,Chargezone (India)
478869,Veepees Bistro And Cafè,Tirumangalam,Tamil Nadu,India,9.817119729,77.97834107,2,Operational,Chargezone (India)
478868,M. S. Shanmuganadar Mattai Kadai,Mettupatti,Tamil Nadu,India,9.300003538,77.91565811,2,Operational,Chargezone (India)
478867,Popular Hyundai,Thrissur,Kerala,India,10.50242024,76.25798226,2,Operational,Chargezone (India)
478866,Indus EV Charging,Nileshwaram,Kerala,India,12.25915661,75.15052988,5,Operational,Chargezone (India)
478865,JBS Bistro Cafe,Tirunelveli,Tamil Nadu,India,8.540251135,77.6695171,2,Operational,ChargeMod (IN)
478864,Hydra Charging Station,Dharapuram,Tamil Nadu,India,10.71722243,77.5562138,2,Operational,ChargeMod (IN)
478863,Hydra Charging Station,Singallur,Tamil Nadu,India,10.9967578,77.00865211,2,Operational,ChargeMod (IN)
478862,Hydra Charging,Coimbatore,Tamil Nadu,India,11.05285775,76.94583684,1,Operational,ChargeMod (IN)
478861,Hydra Charging Station,Mettupalayam,Tamil Nadu,India,11.31864953,76.92080873,1,Operational,ChargeMod (IN)
478860,Cherumattathil Agencies,Udayamperoor,Kerala,India,9.910471286,76.36446384,1,Operational,ChargeMod (IN)
478859,Keys Select Kochi,Kochi,Kerala,India,9.933191621,76.30004945,1,Operational,ChargeMod (IN)
478858,Lemon Tree Vembanad Lake Resort,Muhamma,Kerala,India,9.619244356,76.37218582,2,Not Operational,ChargeMod (IN)
478857,Key Select Thiruvananthapuram,Thiruvananthapuram,Kerala,India,8.494716714,76.95231018,1,Not Operational,ChargeMod (IN)
478856,Lemon Tree Hotel,Unknown,Kerala,India,8.493284029,76.9573161,1,Not Operational,ChargeMod (IN)
478855,KKOH,Nagercoil,Tamil Nadu,India,8.194502907,77.39441636,2,Operational,ChargeMod (IN)
478854,Regen Energy,Kechery,Kerala,India,10.66622295,76.11344399,2,Operational,ChargeMod (IN)
478520,Driftnatuon Food Court NH44,Unknown,Telangana,India,16.81449384,78.14832854,2,Operational,Chargezone (India)
478519,Driftnation Food Court NH44,Unknown,Telangana,India,16.81475507,78.14840023,2,Operational,JIO BP Pulse (India)
478491,SK Volt Hub Kovoor,Kozhikode,Kerala,India,11.26843239,75.83115597,2,Operational,Zeon Charging
477284,NE-4 KFC Parking,Unknown,Haryana,India,27.73556257,76.98387711,2,Operational,Statiq (IN)
475941,Hotel Highway King,Unknown,Rajasthan,India,26.83003059,75.57120344,4,Operational,Statiq (IN)
475886,Old Rao Hotel,Dudu,rajasthan,India,26.63638297,75.10221733,2,Operational,Adani Gas-EV (TR)
475875,Earthtron EV,Paota,Rajasthan,India,27.56255202,76.07508906,2,Operational,EarthtronEV (IN)
475874,Earthtron EV,Paota,Rajasthan,India,27.56255202,76.07508906,2,Operational,CHARGE+
475873,Mannat,Paota,Rajasthan,India,27.56240732,76.07497801,4,Operational,Charge_iN by Mahindra
475680,Amrai Resort Tata.Ev,Satara,MH,India,17.63735819,74.01217807,1,Operational,Chargezone (India)
475673,Tata.Ev Vapi,Vapi,Gujarat,India,20.38011026,72.91445488,2,Operational,Chargezone (India)
475671,BPCL EV Dharamshala Road,Dharamshala,Himachal Pradesh,India,32.21450539,76.31693963,2,Operational,eDrive BPCL (IN)
475660,Bundelkhand Expressway 188 Km Rest Area,Unknown,Uttar Pradesh,India,26.33694246,79.37007255,7,Operational,Adani Gas-EV (TR)
475659,Bundelkhand Expressway Chitrakoot Toll,Unknown,Uttar Pradesh,India,25.25244456,80.74364419,6,Operational,Adani Gas-EV (TR)
475550,JIO-BP Pulse,Armoor,Telangana,India,18.82290771,78.32172268,2,Operational,JIO BP Pulse (India)
475512,NH44,Unknown,Telangana,India,15.88633415,78.01636639,6,Operational,Chargezone (India)
475401,Sai Restaurant & Cafe,Narayanwadi,Maharashtra,India,17.22435243,74.18016473,2,Operational,Zeon Charging
475337,Ishyu Restaurant Jetcharge,Unknown,Rajasthan,India,24.89141835,75.96482113,2,Operational,eDrive BPCL (IN)
474598,Al Ameemi Fast Charging Station,Payyanur,Kerala,India,12.10566047,75.21173432,2,Operational,ChargeMod (IN)
474596,EQ TP Power | Vellur,Vellur,Kerala,India,12.14989799,75.21263664,1,Operational,ChargeMod (IN)
474595,EQ Sprinkle EVCS | Thaliparamba,Thaliparamba,Kerala,India,12.04865464,75.34628006,2,Operational,ChargeMod (IN)
474594,Chirakkal Bank EVCS,Chirakkal,Kerala,India,11.91670442,75.35830443,1,Operational,ChargeMod (IN)
474593,VAN-V | EVOK | Panamaram,Panamaram,Kerala,India,11.7257471,76.07767337,2,Operational,ChargeMod (IN)
474592,JetEV Nest Developers | Kambalakkad,Kamabalakkad,Kerala,India,11.66781267,76.07946997,1,Operational,ChargeMod (IN)
474589,Ecozone EVCS | Ulliyeri,Ulliyeri,Kerala,India,11.44651486,75.77262022,1,Operational,ChargeMod (IN)
474587,Flash Charge EVCS | Thirivangoor,Thirivangoor,Unknown,India,11.3821299,75.73661186,1,Operational,ChargeMod (IN)
474585,Kairali EVCS | Vengalam,Vengalam,Kerala,India,11.36474601,75.73944993,2,Operational,ChargeMod (IN)
474584,EVM Citroen Calicut,Kozhikode,Kerala,India,11.30428543,75.75957892,1,Operational,ChargeMod (IN)
474582,Shakti | EVOK Charging Hub,Kozhikode,Kerala,India,11.25784125,75.81018792,2,Operational,ChargeMod (IN)
474580,EcoVolt EVCS | EVOK | Pantheerankavu,Pantheerankavu,Kerala,India,11.23535468,75.8456683,2,Operational,ChargeMod (IN)
474578,Bisluck Energy EVCS | Vattaparamba,Edavannappara,Kerala,India,11.16434134,75.96400737,2,Operational,ChargeMod (IN)
474576,Elite EVOK Charging Hub | Perinthalmanna,Perinthalmanna,Kerala,India,10.97774961,76.24286289,2,Operational,ChargeMod (IN)
474575,Sam EVCV | Perinthalmanna,Parinthalmanna,Kerala,India,10.95035814,76.16323671,1,Operational,ChargeMod (IN)
474574,BP Angadi | EVOK | Tirur,Tirur,Kerala,India,10.88631362,75.93057433,1,Operational,ChargeMod (IN)
474573,EVee Buddy | Town Plug EVCS | Palakkad,Palakkad,Kerala,India,10.76489386,76.65199428,1,Operational,ChargeMod (IN)
474571,EVMOD EVCS | Pudussery,Kanjikode,Kerala,India,10.79699086,76.76440926,2,Operational,ChargeMod (IN)
474570,EVDay EVCS | Ottappalam | Manissery,Ottappalam,Kerala,India,10.7777153,76.3412277,2,Operational,ChargeMod (IN)
474568,K4 EV Fast Charging Station,Kunnamkulam,Kerala,India,10.70522046,76.0892676,2,Operational,ChargeMod (IN)
474567,VKJ | Flash Charge EVCS | Chettuva,Chettuva,Kerala,India,10.52142322,76.05127901,2,Operational,ChargeMod (IN)
474565,Duke Communications | Pazhuvil,Pazhuvil,Kerala,India,10.41643787,76.15367479,1,Operational,ChargeMod (IN)
474564,Amigo EV Charge Hub | Marygiri | Vadakkenchery,Vadakkenchery,Kerala,India,10.58405552,76.43581742,1,Operational,ChargeMod (IN)
474563,Turbo EV Charge Hub | Mannuthi Bypass,Mannuthi,Kerala,India,10.52860575,76.25562113,2,Operational,ChargeMod (IN)
474562,EVOK Charging Hub | Mannuthy,Mannuthi,Kerala,India,10.53955965,76.25391684,1,Operational,ChargeMod (IN)
474561,M Star EVCS | Koorkenchery,Thrissur,Kerala,India,10.5112198,76.21322687,2,Operational,ChargeMod (IN)
474560,Irrai EVCS | Chalakka,Chalakka,Kerala,India,10.1550447,76.28093392,1,Operational,ChargeMod (IN)
474559,SK EVCS | Kizhakkambalam,Kizhakkambalam,Kerala,India,10.0364764,76.41865034,3,Operational,ChargeMod (IN)
474558,Jayalakshmi Silks EVCS | CAPGO | Vennala,Vennala,Kerala,India,10.00394558,76.3133535,4,Operational,ChargeMod (IN)
474557,Sunvolt DLF Riverside | Vyttila,Vyttila,Kerala,India,9.959224022,76.31419021,1,Operational,ChargeMod (IN)
474556,Flash EVCS | Kundannoor,Kundannoor,Kerala,India,9.938719981,76.31830916,1,Operational,ChargeMod (IN)
474555,Adithya Shree EVCS | Ponnamveli,Cherthala,Kerala,India,9.743231981,76.31942862,2,Operational,ChargeMod (IN)
474554,EVee Buddy | Mangalath EVCS | Mangalathunada,Kolenchery,Kerala,India,10.01677286,76.50315707,1,Operational,ChargeMod (IN)
474553,Kavalangad Service Bank EVCS | EVOK,Nellimattom,Kerala,India,10.05906858,76.68397959,2,Operational,ChargeMod (IN)
474552,EVOK Charging Station | Meenkunnam,Meenkunnam,Kerala,India,9.935613467,76.57550197,1,Operational,ChargeMod (IN)
474550,EVee Buddy | Vedas Energy EVCS | Ramapuram,Ramapuram,Kerala,India,9.796182731,76.66330811,2,Operational,ChargeMod (IN)
474549,Qwik Volt EVCS | Kothanalloor,Ettumanoor,Kerala,India,9.718846766,76.52517369,2,Operational,ChargeMod (IN)
474548,Nest Homestay EVOK | Adimali,Adimali,Kerala,India,10.01725794,77.00066031,1,Operational,ChargeMod (IN)
474547,EVee Buddy | Everest Hotel | Idukki,Idukki,Kerala,India,9.847466205,76.98095644,1,Operational,ChargeMod (IN)
474546,Flash Charge EVCS | Kattappana,Kattappana,Kerala,India,9.75083765,77.10918576,1,Operational,ChargeMod (IN)
474545,Flash Charge EVCS | Vagamon,Vagamon,Kerala,India,9.688898074,76.90444843,1,Operational,ChargeMod (IN)
474544,EV Point EVCS | Pala,Pala,Kerala,India,9.719752345,76.69166294,2,Operational,ChargeMod (IN)
474543,EQ ChargeMate | Naalumanikkattu,Manarcadu,Kerala,India,9.606083639,76.57615047,2,Operational,ChargeMod (IN)
474542,Sihla Energy EVCS | Pathanadu,Pathanadu,Kerala,India,9.509674573,76.69336074,2,Operational,ChargeMod (IN)
474541,EQ Charis EVCS | Cheeranchira,Changanassery,Kerala,India,9.478424884,76.56147986,1,Operational,ChargeMod (IN)
474540,Iongrid | Thuruthy,Changanasseri,Kerala,India,9.47379427,76.52851438,2,Operational,ChargeMod (IN)
474539,Zap N Go,Kuttanadu,Kerala,India,9.41770524,76.48812051,2,Operational,ChargeMod (IN)
474538,EVOK Charging Station | Thiruvalla,Thiruvalla,Kerala,India,9.357343562,76.59062445,2,Operational,ChargeMod (IN)
474478,Anupama EVCS | Pathiyoor,Pathiyoor,Kerala,India,9.21101914,76.50314274,1,Operational,ChargeMod (IN)
474477,EQ Kalayil EVCS | Adoor,Adoor,Kerala,India,9.147193176,76.73240139,1,Operational,ChargeMod (IN)
474476,Throw In Foodcourt | Karunagappalli,Karunagappalli,Kerala,India,9.067236462,76.53588535,1,Operational,ChargeMod (IN)
474475,Best EVCS | Karunagappalli,Karunagapally,Kerala,India,9.046108946,76.53668394,1,Operational,ChargeMod (IN)
474474,Panamthodil Bakers | Chavara,Chavara,Kerala,India,8.983229975,76.5347704,2,Operational,ChargeMod (IN)
474473,Panamthodil Bakers | Chavara,Chavara,Kerala,India,8.983229975,76.5347704,2,Operational,ChargeMod (IN)
474472,Pontoor EVCS | Fill Nxt | Kunnicode,Kunnicode,Kerala,India,9.026472181,76.85190109,1,Operational,ChargeMod (IN)
474471,Gilgal EVCS | Fill Nxt | Valakom,Valakom,Kerala,India,8.962957683,76.83555764,2,Operational,ChargeMod (IN)
474470,M Square EVOK | Kureepuzha,Kollam,Kerala,India,8.921314625,76.57636971,2,Operational,ChargeMod (IN)
474468,AR Square EVCS | Kavalayoor,Kavalayur,Unknown,India,8.713974179,76.77971907,3,Operational,ChargeMod (IN)
474467,JKV Powern Hub EVCS | Palayam,Thiruvananthapuram,Kerala,India,8.500476045,76.95228964,2,Operational,ChargeMod (IN)
474466,JKV Powern Hub EVCS | Palayam,Thiruvananthapuram,Kerala,India,8.500476045,76.95228964,2,Operational,ChargeMod (IN)
474465,Chandra EVCS | Pettah,Thiruvananthapuram,Kerala,India,8.494429797,76.93007271,1,Operational,ChargeMod (IN)
474464,Illam Chacka,Thriuvananthapuram,Kerala,India,8.491842864,76.9201682,2,Operational,ChargeMod (IN)
474463,EV Park ECVS Kazhakkoottam | Karthika Park Hotel,Thiruvananthapuram,Kerala,India,8.572651965,76.87040126,2,Operational,ChargeMod (IN)
474462,EQ Future Mobility Thakkaram,Thiruvananthapuram,Kerala,India,8.57858553,76.86647625,1,Operational,ChargeMod (IN)
474366,Rest Area Mumbai - Vadodara Expressway,Saraswani,Gujarat,India,22.17015606,73.08761282,1,Operational,eDrive BPCL (IN)
474365,NE4 Eest Area Saraswani,Saraswani,Gujarat,India,22.18022593,73.08990858,1,Operational,eDrive BPCL (IN)
474364,Hotel Empire ChargeZone,Chikhli,Gujarat,India,20.74067296,73.0356012,1,Operational,Chargezone (India)
474363,Home,Hailakandi,Assam,India,26.6975,91.8512,1,Operational,Unknown
474191,Viraj Junction EFill EVCS,NH48,Karnataka,India,16.53666679,74.31995764,2,Operational,Tata Power
473117,Tata Power Hotel Elite,Lucknow,Uttar Pradesh,India,26.83827057,80.85377711,1,Operational,Tata Power
473032,Hotel Annapura,Piplod,Gujarat,India,22.79423449,73.85882626,1,Operational,Chargezone (India)
473031,Shree Kanha International Chargezone,Ratlam,Madhya Pradesh,India,23.38651332,75.05985128,1,Operational,Chargezone (India)
472820,KR RESORT,Ganganagar,Rajasthan,India,29.88678759,73.92823039,1,Operational,Unknown
472811,Tata PowerYamuna Expressway Mathura RHS,Yamuna Expressway,Uttar Pradesh,India,27.61204701,77.74185073,2,Operational,Tata Power
472810,Tata Power Yamuna Expressway Mathura Exit LHS,Yamuna Expressway,Uttar Pradesh,India,27.55039597,77.75506264,2,Operational,Tata Power
472808,Statiq Jaypee Agra,Agra,Uttar Pradesh,India,27.15340534,78.07073593,1,Operational,Statiq (IN)
472798,KR RESORT,Ganganagar,Rajasthan,India,29.88699156,73.92473793,1,Operational,Unknown
472532,ev,COIMBATORE,TAMILNADU,India,11.04640756,77.07956128,1,Operational,Unknown
472508,Charging station,Unknown,Karnataka,India,12.96085047,77.58182474,1,Operational,Unknown
472439,Midway Treat Khushi Inn Sakadehi Betul Hotel,Unknown,Madhya Pradesh,India,21.99778595,77.86538183,1,Operational,Tryk (IN)
472327,Rest Area Jio BP  RHS,Bonli,Rajasthan,India,26.37854418,76.25327631,1,Operational,JIO BP Pulse (India)
472326,Lakshya Water Park,Kota District,Rajasthan,India,25.16222567,76.16636008,1,Operational,Xobolt (IN)
471993, Chargezone Hotel Rangoli,Navsari,GJ,India,21.03897578,72.97526541,1,Operational,Chargezone (India)
471992,DME Bonli Jio BP LHS,Bonli,RJ,India,26.37735802,76.25375667,1,Operational,JIO BP Pulse (India)
471991,DME Garoth Rest Area RHS,Garoth,MP,India,24.34526163,75.6783233,1,Operational,Volttic (IN)
471989,Volttic Delhi Mumbai Expressway LHS Garoth,Garoth,MP,India,24.34687561,75.68155966,1,Operational,Volttic (IN)
471855,K2 Highway Treat & Resort,Guna,Unknown,India,24.68468468,77.33737149,2,Operational,Chargezone (India)
471854,Green Mountain Resort,Guna,Madhya Pradesh,India,24.54054054,77.20867784,2,Operational,Chargezone (India)
471853,Hotel Shivani,Biora,Madhya Pradesh,India,23.96396396,76.93830403,2,Operational,Chargezone (India)
471003,160kW GREEN ENERGY EV CHARGING STATION,Changanassery,Kerala,India,9.437442172,76.5420092,6,Operational,Unknown
470897,RK Mess & Restaurant,Manmangalam,Tamil Nadu,India,11.044939,78.055861,1,Operational,Statiq (IN)
470760,Aravai Aanandas,Karur,Tamil Nadu,India,10.777439,77.920825,2,Operational,Hydra Charging (IN)
470710,VSB Auto Care,Karur,Tamil Nadu,India,10.9642143,78.04655561,1,Operational,Relux Electric (India)
470709,AKR Textiles,Karur,Tamil Nadu,India,10.96396171,78.04804205,1,Operational,Zeon Charging
469744,Volttic LHS DME,Rajpura,Rajasthan,India,27.28713106,76.77469481,2,Operational,Volttic (IN)
469742,Avantika Resort EV Cosmos,Dahod,Gujarat,India,22.81045962,74.30068522,2,Operational,JIO BP Pulse (India)
469522,Regenta Fairlark,Vadodara,Gujarat,India,22.28764515,73.13222579,2,Operational,JIO BP Pulse (India)
469517,EESL - Devinder Collections,New Delhi``,New Dehi,India,28.63324209,77.22494621,1,Operational,EESL (IN)
469488,Regenta Fairlark Jio,Vadodara,GJ,India,22.28852323,73.13209856,1,Operational,JIO BP Pulse (India)
469487,Hyundai EV Chg Stn Manor,Manor,MH,India,19.67794066,72.90804617,2,Operational,Chargezone (India)
469384,Shree Bihariji Filling Station,Haldwani,Uttarakhand,India,29.17643652,79.49640946,1,Operational,Unknown
469383,BPCL Royal Fuel Station,Haldwani,Uttarakhand,India,29.22417745,79.50104337,1,Temporarily Unavailable,Unknown
469382,Fortune Walkway Mall,Haldwani,Uttarakhand,India,29.24538972,79.53597171,1,Operational,Chargezone (India)
469381,Bikanerwala Sweets Haldwani (Aargo),Haldwani,Uttarakhand,India,29.21491941,79.52798466,1,Operational,Unknown
469380,Bharat Petroleum - Janta Petrol Pump,Haldwani,Uttarakhand,India,29.18654206,79.52084263,1,Temporarily Unavailable,Unknown
469357,Tata Power- Ginger Hotel Pantnagar,Rudrapur,Uttarakhnad,India,28.99816711,79.41578576,2,Operational,Tata Power
469356,Ecoplug Radisson Blu Hotel,Rudrapur,Uttarakhand,India,29.00038213,79.39987738,1,Operational,Ecoplug
469355,BP-RUDRAPUR,Rudrapur,Uttarakhand,India,28.99484157,79.40068625,1,Operational,Statiq (IN)
469354,PREM SINGH & SONS (BPCL Charging Station),Rudrapur,Uttarakhnad,India,28.97859682,79.40045317,1,Operational,Statiq (IN)
469353, Rudra Continental,Rudrapur,Uttarakhand,India,28.97584854,79.38954231,1,Operational,Chargezone (India)
464561,Sagar Tranport Company,Kichha,Uttarakhand,India,28.93121649,79.51703689,1,Temporarily Unavailable,Unknown
464560,Yash Filling Station,Kichha,Uttarakhand,India,28.87083364,79.51648005,1,Temporarily Unavailable,Unknown
464559,2012531-PRAKASH PETROLEUM,Kichha,Uttarakhand,India,28.89269395,79.5095637,1,Temporarily Unavailable,Unknown
464531,GLIDA JANESHWAR MISHRA PARK ,LUCKNOW,UTTAR PRADESH,India,26.83799922,80.98672704,2,Operational,GE WattStation (No longer active)
464530,GLIDA LOHIA PARK,LUCKNOW,UTTAR PRADESH,India,26.85721069,80.98223515,4,Operational,GE WattStation (No longer active)
464405,Khajuraho Airport,Khajuraho,MP,India,24.81017906,79.91151232,2,Operational,Adani Gas-EV (TR)
462394,Hotel Bundela,Khajuraho,MP,India,24.841218,79.9209553,1,Operational,Adani Gas-EV (TR)
462380,Cube Stop NH-44,Mohgaon,MP,India,21.9142364,79.52636659,1,Operational,Statiq (IN)
461277,Shashtri Nagar ,Pune,Maharashtra,India,18.50392578,73.80373433,1,Partly Operational (Mixed),Unknown
461160,Tata Power - Electric Vehicle Charging Station,Haldwani,Uttarakhand,India,29.163755,79.522706,1,Operational,Tata Power
461021,FC - TataPower - TMSC Chandrani Enterprises,Asansol,West Bengal,India,23.66383145,87.05782811,1,Operational,Tata Power
461004,FC - TataPower - Hotel Sumandeep,Dhanbad,Jharkhand,India,23.76517328,86.80574019,1,Operational,Tata Power
460962,D N R Fuel Point,Unknown,Maharashtra,India,20.6342695,78.92731552,1,Operational,eDrive BPCL (IN)
460960,Green Garden Family Restaurant,Dumri,Jharkhand,India,24.01218983,86.03378566,1,Operational,Tata Power
460636,Hotel Kantara Dine,Solur,Karnataka,India,13.06457377,77.25712516,1,Operational,Tata Power
460478,Burger King,Udayapura,Karnataka,India,12.96013446,76.33023906,1,Operational,Zeon Charging
460205,Konnagar,Kolkata,west bengal,India,21.65144351,87.65139955,1,Operational,Unknown
459990,Jio-BP Pulse,Yellagallahalli,Unknown,India,13.6062729,77.7872747,2,Operational,JIO BP Pulse (India)
458918,Tata.ev Luxon Motors - Tata Power,Edappally,Kerala,India,10.01148474,76.3113875,2,Operational,Tata Power
458917,TML Sree Gokulam Motors - Tata Power,Edappally,Kerala,India,10.03915497,76.31555881,1,Operational,Tata Power
458916,Tata.ev Gokulam Motors - Tata Power,Choornikkara,Kerala,India,10.08130279,76.33946199,1,Operational,Tata Power
458915,Taj Cochin Internation Airport Hotel - Tata Power,Nedumbassery,Kerala,India,10.15999504,76.39015422,1,Operational,Tata Power
458914,SAJ Earth Resort - Tata Power,Nedumbassery,Kerala,India,10.16222425,76.3846535,1,Operational,Tata Power
458913,Luxon Motors - Tata Power,Kariyad,Kerala,India,10.16204205,76.36735603,1,Operational,Tata Power
458912,Sree Gokulam Motors - Tata Power,Angamaly,Kerala,India,10.22106036,76.37675213,1,Operational,Tata Power
458911,Centro Mall Charging Station - Tata Power,Kodungallur,Kerala,India,10.23248948,76.19594022,1,Operational,Tata Power
458910,IOCL Thiruvonam Fuels - Tata Power,Palakkad,Kerala,India,10.76983098,76.6680965,2,Operational,Tata Power
458909,KVR Automotive - Tata Power,Koppam,Kerala,India,10.7822582,76.65824511,1,Operational,Tata Power
458908,Gokulam Residency - Tata Power,Amballur,Kerala,India,10.4361871,76.26520583,1,Operational,Tata Power
458907,Tata.ev Hyson Motors - Tata Power,Thrissur,Kerala,India,10.49672847,76.25836131,2,Operational,Tata Power
458906,PCK Centenary,Thrissur,Kerala,India,10.52294042,76.20624767,1,Operational,Tata Power
458905,TML Hyson Motors - Tata Power,Thrissur,Kerala,India,10.54042299,76.18967782,2,Operational,Tata Power
458904,Hotel Gokulam Sabari - Tata Power,Guruvayur,Kerala,India,10.59635698,76.04293443,2,Operational,Tata Power
314018,Shirdi,Shirdi,Maharashtra,India,19.75759399,74.47634733,1,Operational,Unknown
313995,InFour Wheel Care And Tyres - Tata Power,Perinthalmanna,Kerala,India,10.96023797,76.23467881,1,Operational,Tata Power
313994,TML KVR Automotive - Tata Power,Perinthalmanna,Kerala,India,10.98450272,76.18784701,1,Operational,Tata Power
313993,IOCL Sigma Enterprises Charging Station - Tata Power,Valanchery,Kerala,India,10.89791419,76.06100967,1,Operational,Tata Power
313992,AAK Mall,Tirur,Kerala,India,10.91858061,75.91779833,1,Operational,Tata Power
313991,Tata.ev Store Malappuram,Malappuram,Kerala,India,11.05251525,76.07764045,2,Operational,Tata Power
313990,A M Tyres Malappuram - Tata Power,Malappuram,Kerala,India,11.06040253,76.08084416,1,Operational,Tata Power
313989,Hotel Gokulam Relax Park,Manjeri,Kerala,India,11.11890611,76.11847374,2,Operational,Tata Power
313988,One Stop Automotive Cahrging Station - Tata Power,Edavanna,Kerala,India,11.2041462,76.13673353,2,Operational,Tata Power
313980,Moto Town Auto Hub - Tata Power,Wandoor,Kerala,India,11.2232496,76.21691525,1,Operational,Tata Power
313979,IOCL Aaditya Petroleum Naduvath Charging Station - Tata Power,Wandoor,Kerala,India,11.21105437,76.22468507,1,Temporarily Unavailable,Tata Power
313978,Calicut Airport Charging Station - Tata Power,Kondotty,Kerala,India,11.14029227,75.94831371,2,Operational,Tata Power
313955,TML Marina Motors - Tata Power,Kozhikode,Kerala,India,11.21696527,75.85795106,2,Operational,Tata Power
313954,Rotana Motors Meenchanda - Tata Power,Meenchanda,Kerala,India,11.21390853,75.80263211,1,Operational,Tata Power
313953,IOCL Lakshmi Sales & Service - Tata Power,Kozhikode,Kerala,India,11.23362686,75.80323853,1,Operational,Tata Power
313952,Gokulam Galleria Mall - Tata Power,Kozhikode,Kerala,India,11.25846513,75.79290612,5,Operational,Tata Power
313951,Hotel Hyson Heritage - Tata Power,Kozhikode,Kerala,India,11.2592145,75.77933452,2,Operational,Tata Power
313950,Taj The Gateway Hotel - Tata Power,Kozhikode,Kerala,India,11.25868982,75.77397871,2,Operational,Tata Power
313949,Taj The Gateway Hotel - Tata Power,Kozhikode,Kerala,India,11.25902905,75.77370839,2,Operational,Tata Power
313947,IOCL Engapuzha Fuel - Tata Power,Engapuzha,Kerala,India,11.46505013,75.9701747,1,Operational,Tata Power
313946,IOCl Balaji Petroleum - Tata Power,Sulthan Bathery,Kerala,India,11.66094302,76.24002282,1,Operational,Tata Power
313945,Hotel Saugandhika Charging Station - Tata Power,Meenangadi,Kerala,India,11.65932826,76.20718523,2,Operational,Tata Power
313944,TML Marina Motors Pvt. Ltd. Kalpetta - Tata Power,Kalpetta,Kerala,India,11.63735277,76.09468538,1,Operational,Tata Power
313943,Taj Wayanad Resort and Spa- Tata Power,Padinjarathara,Kerala,India,11.65763336,75.96043178,2,Operational,Tata Power
313942,KVR Dream Vehicles Thalassery - Tata Power,Thalassery,Kerala,India,11.76173425,75.50906838,1,Operational,Tata Power
313941,IOCL - MK Petroleum - Tata Power,Thazhe Chovva,Kerala,India,11.86015018,75.41434122,1,Operational,Tata Power
313940,KVR Dream Vehicles Service Centre - Tata Power,Iritty,Kerala,India,11.99068592,75.65802183,1,Operational,Tata Power
313925,KVR Dream Vehicle - Tata Power,Nadal,Kerala,India,11.83285672,75.4264417,2,Operational,Tata Power
313924,Tata.ev KVR Dreams Kannur - Tata Power,Kannur,Kerala,India,11.86083034,75.41186778,2,Operational,Tata Power
313923,KVR Dream Vehicles Service Center - Tata Power,Payyanur,Kerala,India,12.12000326,75.21755451,1,Operational,Tata Power
313922,V-Net Shopping Complex - Tata Power,Payyannur,Kerala,India,12.17504848,75.19343333,1,Operational,Tata Power
313921,Taj Bekkal - Tata Power,Bekkal,Kerala,India,12.42338328,75.0147548,2,Operational,Tata Power
313920,TML KVR Dream Vehicles EVCS - Tata Power,Kasaragod,Kerala,India,12.51345441,75.02712294,1,Temporarily Unavailable,Tata Power
313919,IOCL Top Fuels Karanthakkad Charging Station - Tata Power,Kasaragod,Kerala,India,12.5094079,74.98611114,1,Operational,Tata Power
313918,Eco Charge Hub - GO EC,Thiruvananthapuram,Kerala,India,8.353208648,77.05379012,3,Operational,GO EC (IN)
313917,Rajco EVCS - GO EC,Neyyattinkara,Kerala,India,8.394252775,77.08872897,4,Operational,GO EC (IN)
313916,Appolo Dimora Hotel EVCS - GO EC,Thiruvananthapuram,Kerala,India,8.488661007,76.95075167,1,Operational,GO EC (IN)
313915,Lulu International Mall EVCS - GO EC,Thiruvananthapuram,Kerala,India,8.515262882,76.89815844,11,Operational,GO EC (IN)
313914,Trivandrum UST Campus EVCS - GO EC,Thiruvananthapuram,Kerala,India,8.539993048,76.884425,6,Operational,GO EC (IN)
313913,Karthika Residency Hotel EVCS - GO EC,Karette,Kerala,India,8.728845866,76.89844751,2,Operational,GO EC (IN)
313912,KKP Renewables EVCS - GO EC,Karette,Kerala,India,8.734523378,76.89801647,1,Operational,GO EC (IN)
313911,Aeron EVCS - GO EC,Attingal,Kerala,India,8.686808046,76.82402233,2,Operational,GO EC (IN)
313910,Zenith EVCS - GO EC,Attingal,Kerala,India,8.733067659,76.81064655,1,Operational,GO EC (IN)
313909,Orion Plaza EVCS - GO EC,Chadayamangalam,Kerala,India,8.86342699,76.87120784,3,Operational,GO EC (IN)
313908,Power Up EVCS - GO EC,Varkala,Kerala,India,8.74908605,76.70581859,2,Operational,GO EC (IN)
313907,Green Planet EVCS - GO EC,Kottarakkara,Kerala,India,8.982143341,76.80932966,2,Operational,GO EC (IN)
313906,RK EVCS - GO EC,Kundara,Kerala,India,8.948246626,76.64624714,2,Operational,GO EC (IN)
313905,SK EVCS - GO EC,Pathanapuram,Kerala,India,9.070991646,76.85631123,2,Operational,GO EC (IN)
313904,Erathu Motors EVCS - GO EC,Puthoor,Kerala,India,9.051367403,76.70324696,2,Operational,GO EC (IN)
313903,Vrindavan EVCS - GO EC,Inchakkad,Kerala,India,9.045128433,76.77360004,4,Operational,GO EC (IN)
313902,JB Power EVCS - GO EC,Adoor,Kerala,India,9.116847049,76.74511188,3,Operational,GO EC (IN)
313901,Peninsula Park Residency EVCS - GO EC,Adoor,Kerala,India,9.145305964,76.76585839,1,Operational,GO EC (IN)
313900,Green Earth - GO EC,Adoor,Kerala,India,9.153564154,76.73554436,3,Operational,GO EC (IN)
313899,Sparkzone EVCS - GO EC,Kayamkulam,Kerala,India,9.145794596,76.45936322,2,Operational,GO EC (IN)
313898,Zufo EVCS,Karunagappalli,Kerala,India,9.132307411,76.51385829,1,Operational,GO EC (IN)
313897,Cartist - GO EC,Kayamkulam,Kerala,India,9.184739729,76.49029684,4,Operational,GO EC (IN)
313896,V Volte EVCS - GO EC,Haripad,Kerala,India,9.289000834,76.45653569,2,Operational,GO EC (IN)
313895,Anjaly EVCS - GO EC,Omallor,Kerala,India,9.246935402,76.75730779,2,Operational,GO EC (IN)
313894,Evergreen Continental EVCS - GO EC,Pathanamthitta,Kerala,India,9.263776809,76.7854353,1,Operational,GO EC (IN)
313893,Quik Energy EVCS - GO EC,Chengannur,Kerala,India,9.311533027,76.62272053,4,Operational,GO EC (IN)
313892,Amrutham Auto Care EVCS - GO EC,Chengannur,Kerala,India,9.342144723,76.59848784,2,Operational,GO EC (IN)
313891,Changanassery Immaculate Mary EVCS,Changanassery,Kerala,India,9.459860218,76.55518359,2,Operational,GO EC (IN)
313890,Calvarymount Jerry Plaza,Alliyar,Kerala,India,9.806942489,77.04794026,1,Operational,GO EC (IN)
313889,Westgate Inn EVCS - GO EC,Kattappana,Kerala,India,9.747617293,77.1054177,1,Operational,GO EC (IN)
313888,GO EC Charging Station,Idukki,Kerala,India,9.66539882,77.16084695,2,Operational,GO EC (IN)
313887,Sora EVCS - GO EC,Kumali,Kerala,India,9.614445835,77.15390991,2,Operational,GO EC (IN)
313886,Open Kitchen EVCS - GO EC,Kuttikkanam,Kerala,India,9.580204298,76.97061173,3,Operational,GO EC (IN)
313885,Nandanam EVCS - GO EC,Kodungoor,Kerala,India,9.567074729,76.70609404,1,Operational,GO EC (IN)
313884,Clay Art Cafe - GO EC,Ponkunnam,Kerala,India,9.566378512,76.74160751,2,Operational,GO EC (IN)
313883,GO Green EVCS,Anthikkad,Kerala,India,9.753999722,76.70127896,2,Operational,GO EC (IN)
313882,Nila's Magestic Arcade,Kidangoor,Kerala,India,9.683248151,76.60975357,1,Operational,GO EC (IN)
313881,Ettumanur Skylight EVCS - GO EC,Ettumanoor,Kerala,India,9.668171829,76.57537882,3,Operational,GO EC (IN)
313880,Chaithanya Hospital EVCS - GO EC,Kuravilangad,Kerala,India,9.761923841,76.56472253,2,Operational,GO EC (IN)
313879,Manjoor Beeza Clubhouse EVCS - GO EC,Manjoor,Kerala,India,9.727579426,76.52038777,1,Operational,GO EC (IN)
313878,Kalladanthiyil EVCS - GO EC,Neendoor,Kerala,India,9.68333688,76.50559381,2,Operational,GO EC (IN)
313877,The Grand Ambassador EVCS,Kottayam,Kerala,India,9.589399336,76.52633053,1,Operational,GO EC (IN)
313876,Hotel Athira Residency EVCS - GO EC,Kottayam,Kerala,India,9.578258768,76.51947056,2,Operational,GO EC (IN)
313875,Cassia Regency EVCS - GO EC,Alappuzha,Kerala,India,9.490169817,76.32073716,1,Operational,GO EC (IN)
313874,Neo Charge EVCS - GO EC,Alappuzha,Kerala,India,9.559497169,76.32821359,1,Operational,GO EC (IN)
313873,Jason Orchard Inn EVCS - GO EC,Alappuzha,Kerala,India,9.562575062,76.32758403,1,Operational,GO EC (IN)
313872,Huts Restaurant EVCS - GO EC,Cherthala,Kerala,India,9.683890802,76.33358219,3,Operational,GO EC (IN)
313871,Vijaya EVCS - GO EC,Kanjiramattom,Kerala,India,9.851840438,76.38938787,1,Operational,GO EC (IN)
313870,MPA Tyres EVCS - GO EC,Thrippunithura,Kerala,India,9.962610268,76.35800116,1,Operational,GO EC (IN)
313869,Central Talkies EVCS - GO EC,Thrippunithura,Kerala,India,9.948953178,76.34771092,5,Operational,GO EC (IN)
313868,Tribute Royale EVCS - GO EC,Maradu,Kerala,India,9.94775836,76.31854611,2,Operational,GO EC (IN)
313867,Prithvi EVCS - GO EC,Kadavanthra,Kerala,India,9.947451633,76.30341556,3,Operational,GO EC (IN)
313866,EC City Centre EVCS - GO EC,Ernakulam,Kerala,India,9.965194492,76.29662321,2,Operational,GO EC (IN)
313865,Monsoon Empress Hotel EVCS,Palarivattom,Kerala,India,9.995959579,76.31410218,2,Operational,GO EC (IN)
313864,Max EVCS - GO EC,Palarivattom,Kerala,India,9.998499334,76.31386096,2,Operational,GO EC (IN)
313863,Park Residency EVCS - GO EC,Kakkanad,Kerala,India,10.01465881,76.3424006,2,Operational,GO EC (IN)
313862,EVGO Hub - GO EC,Thrikkakkara,Kerala,India,10.03567399,76.33644845,1,Operational,GO EC (IN)
313861,Daffodils EVCS - GO EC,Edapally,Kerala,India,10.03211451,76.32296046,7,Operational,GO EC (IN)
313860,Oberon Mall EVCS - GO EC,Edapally,Kerala,India,10.01437332,76.31253274,2,Operational,GO EC (IN)
313859,Lulu International Shopping Mall EVCS - GO EC,Edapally,Kerala,India,10.025853,76.30847988,4,Operational,GO EC (IN)
313858,EcoPlug EVCS - GO EC,Neriyamangalam,Kerala,India,10.05657909,76.77664747,1,Operational,GO EC (IN)
313857,Future Clock EVCS - GO EC,Perumbavoor,Kerala,India,10.08987328,76.49767034,5,Operational,GO EC (IN)
313856,Prestige EV Super Charging Station - GO EC,Perumbavoor,Kerala,India,10.11659967,76.44569941,3,Operational,GO EC (IN)
313855,Innate Convention Centre ,Aluva,Kerala,India,10.13484738,76.35454904,1,Operational,GO EC (IN)
313854,Athani Energize EVCS,Athani,Kerala,India,10.14144398,76.35293383,2,Operational,GO EC (IN)
313853,Hotel Airlink Castle - GO EC,Athani,Kerala,India,10.15505346,76.35471453,1,Operational,GO EC (IN)
313852,V-Green EVCS - GO EC,Angamaly,Kerala,India,10.20178009,76.40966162,2,Operational,GO EC (IN)
313850,Power Zone EV Charging Station - GO EC,North Paravur,Kerala,India,10.14967303,76.21756419,1,Operational,GO EC (IN)
313849,Koratty Chennai Anandabhavan EVCS - GO EC,Koratty,Kerala,India,10.27724459,76.34452808,2,Operational,GO EC (IN)
313848,Parekkat's EVCS - GO EC,Mala,Kerala,India,10.24066912,76.27252885,1,Operational,GO EC (IN)
313847,Kodungallur SVS - GO EC,Kodungallur,Kerala,India,10.21129205,76.19898867,2,Operational,GO EC (IN)
313846,FUZO EV Super Charging Station,Kodungallur,Kerala,India,10.37813516,76.12254539,3,Operational,GO EC (IN)
313843,Sree Rama EVCS - GO EC,Thrissur,Kerala,India,10.43559497,76.26587468,4,Operational,GO EC (IN)
313841,Daiz and Co. EVCS - GO EC,Thrissur,Kerala,India,10.52614957,76.18795462,1,Operational,GO EC (IN)
313839,Shobha City Mall EVCS - GO EC,Thrissur,Kerala,India,10.54894656,76.18304111,4,Operational,GO EC (IN)
313838,Amala Smart EVCS - GO EC,Peramangalam,Kerala,India,10.56496749,76.16598426,3,Operational,GO EC (IN)
313836,Sree Sankara EVCS - GO EC,Vadanappalli,Kerala,India,10.4872912,76.07083612,2,Operational,GO EC (IN)
313835,Green Drive EV Super Charging Station,Vadanappilly,Kerala,India,10.49454247,76.06584744,2,Operational,GO EC (IN)
313819,Sree Krishna Hotel - GO EC,Guruvayoor,Kerala,India,10.59844782,76.03636789,1,Operational,GO EC (IN)
313818,Palakkad Ahalia Women and Childern Hospital EVCS - GO EC,Elappully,Kerala,India,10.79730859,76.82754081,2,Operational,GO EC (IN)
313817,Palakkad Ahalia Eye Hospital EVCS - GO EC,Elappully,Kerala,India,10.79348727,76.82652951,2,Operational,GO EC (IN)
313816,Palakkad Ahalia Food Point EVCS - GO EC,Elappully,Kerala,India,10.79203226,76.82834712,2,Operational,GO EC (IN)
313815,Ahalia Walayar - GO EC,Walayar,Kerala,India,10.82659305,76.82605307,3,Operational,GO EC (IN)
313814,Le Sky Dine EVCS - GO EC,Palakkad,Kerala,India,10.77395725,76.69819741,3,Operational,GO EC (IN)
313813,Doctor Green EVCS - GO EC,Alathur,Kerala,India,10.64616636,76.55140239,3,Operational,GO EC (IN)
313811,Jeevz - GO EC,Vadakkencherry,Kerala,India,10.59323903,76.48253527,1,Operational,GO EC (IN)
313810,Sanjeevani Green - GO EC,Thiruvilwamala,Kerala,India,10.71002171,76.42879294,2,Operational,GO EC (IN)
313809,Green Valley - GO EC,Thirissur,Kerala,India,10.69271606,76.26858375,4,Operational,GO EC (IN)
313808,AR Dine - GO EC,Cheruthuruthi,Kerala,India,10.75038197,76.2747566,1,Operational,GO EC (IN)
313807,EV Super Charging Station,Pattambi,Kerala,India,10.80479517,76.20815708,1,Operational,GO EC (IN)
313806,Pattambi Power Bank - GO EC,Pattambi,Kerala,India,10.81106853,76.1864437,4,Operational,GO EC (IN)
313805,New Kerala Hotel EVCS - GO EC,Nhangattiri,Kerala,India,10.78488099,76.17067627,1,Operational,GO EC (IN)
313804,Oasis EV Super Charging Station,Mannarkkad,Kerala,India,10.93355662,76.5272171,3,Operational,GO EC (IN)
313789,Shalimar EVCS - GO EC,Perinthalmanna,Kerala,India,10.96529678,76.28389833,2,Operational,GO EC (IN)
313788,Green Zone EVCS - GO EC,Valanchery,Kerala,India,10.87341308,76.06245823,3,Operational,GO EC (IN)
313787,Environ EVCS,Changaramkulam,Kerala,India,10.73956943,76.02927251,2,Operational,GO EC (IN)
313786,CG Cafe EVCS - GO EC,Pandikkad,Kerala,India,11.13959615,76.23611346,1,Operational,GO EC (IN)
313785,Karulai Malayora Express EVCS - GO EC,Karulai,Kerala,India,11.28804948,76.29798171,1,Operational,GO EC (IN)
313784,Jam Joom Super Market - GO EC,Nilambur,Kerala,India,11.28668073,76.23926379,1,Operational,GO EC (IN)
313783,ABS Motors - GO EC,Nilambur,Kerala,India,11.25364726,76.2019012,1,Operational,GO EC (IN)
313782,VP Mall EVCS - GO EC,Manjeri,Kerala,India,11.12891582,76.11539461,3,Operational,GO EC (IN)
313781,Jam Joom EV Charging Station - GO EC,Malappuram,Kerala,India,11.04318059,76.08430156,1,Operational,GO EC (IN)
313780,HIQ Highway Market - GO EC,Venniyour,Kerala,India,11.02117549,75.94812609,1,Operational,GO EC (IN)
313779,Chargify EV Super Charging Station ,Malappuram,Kerala,India,11.07841705,75.90276392,1,Operational,GO EC (IN)
313778,Reliance Fresh EVCS,Kozhikode,Keral,India,11.23473742,75.84670659,1,Operational,GO EC (IN)
313777,Top Dines Hotel - GO EC,Muthanga,Kerala,India,11.67080199,76.36101966,1,Operational,GO EC (IN)
313776,Cafe Manoila - GO EC,Kalpetta,Kerala,India,11.59777661,76.08013837,1,Operational,GO EC (IN)
313775,CGH Wayanad Wild EV Charging Station - GO EC,Lakkidi,Kerala,India,11.51834425,76.0212557,1,Operational,GO EC (IN)
313774,Mall of Mukkom EVCS - GO EC,Mukkom,Kerala,India,11.31972723,75.99551711,2,Operational,GO EC (IN)
313773,HOTAG EV Charging Station - GO EC,Thamarassery,Kerala,India,11.40469328,75.92956806,1,Operational,GO EC (IN)
313763,Green Amp EVCS - GO EC,Kozhikode,Kerala,India,11.25880102,75.80890435,4,Operational,GO EC (IN)
313762,Calicut Malabar Gold - GO EC,Kozhikode,Kerala,India,11.2578618,75.7802306,2,Operational,GO EC (IN)
313761,Mandrin Sky - GO EC,Kannur,Kerala,India,11.92755972,75.50047315,1,Operational,GO EC (IN)
313760,JSR EVCS - GO EC,Mambaram,Kerala,India,11.82580205,75.50895671,1,Operational,GO EC (IN)
313759,Kannur H&H,Melechowa,Kerala,India,11.8716637,75.39598586,1,Operational,GO EC (IN)
313758,G Mall - GO EC,Kannur,Kerala,India,11.88020075,75.37466479,2,Operational,GO EC (IN)
313757,Exit 17 - GO EC,Payyannur,Kerala,India,12.08863773,75.25264585,2,Operational,GO EC (IN)
313756,Periya A Star - GO EC,Hosdurg,Kerala,India,12.40580531,75.09629761,1,Operational,GO EC (IN)
313755,Roshi EVCS (EVOK) - ChargeMOD,Kasaragod,Kerala,India,12.50597417,74.98678089,1,Operational,ChargeMod (IN)
313754,Kanhangad KSEB EVCS - ChangeMOD,Kanhangad,Kerala,India,12.34250549,75.11266367,7,Operational,ChargeMod (IN)
313753,Ammas Fast - ChargeMOD,Cheruvathur,Kerala,India,12.22720023,75.15911994,3,Operational,ChargeMod (IN)
313752,Mathil Service Co-Operative Bank EVCS - ChargeMOD,Mathil,Kerala,India,12.17697015,75.2467558,3,Operational,ChargeMod (IN)
313751,EQ Point EVCS - ChargeMOD,Payyannur,Kerala,India,12.20776624,75.27945213,2,Operational,ChargeMod (IN)
313750,PCR Bank EVCS - ChargeMOD,Bakkalam,Kerala,India,11.99744945,75.37090753,2,Operational,ChargeMod (IN)
313749,Manjapalam KSEB EVCS - ChargeMOD,Kannur,Kerala,India,11.87836828,75.35952615,6,Operational,ChargeMod (IN)
313748,Eastend Hotel and Resorts - ChargeMOD,Munnar,Kerala,India,10.0873794,77.06169963,3,Operational,ChargeMod (IN)
313747,Sky Penta EVCS - ChargeMOD,Iritty,Kerala,India,11.98556153,75.67618166,1,Operational,ChargeMod (IN)
313746,Reboost EVCS - ChargeMOD,"Panoor, Kannur",Kerala,India,11.75486663,75.57806506,1,Operational,ChargeMod (IN)
313745,Mindful EVCS - ChargeMOD,Payyoli,Kerala,India,11.52044492,75.61798774,1,Operational,ChargeMod (IN)
313744,EVOK Charger - ChargeMOD,Kuttiyady,Kerala,India,11.64890104,75.75593648,1,Operational,ChargeMod (IN)
313743,Banasura Sagar KSEB EVCS - ChargeMOD,Padinjarathara,Kerala,India,11.67292398,75.95730581,6,Operational,ChargeMod (IN)
313742,Empire Restaurant - ChargeMOD,Tharuvana,Kerala,India,11.73640531,75.98674423,2,Operational,ChargeMod (IN)
313741,Hotel Wayanad Square - ChargeMOD,Mananthavady,Kerala,India,11.79697764,76.00660113,2,Operational,ChargeMod (IN)
313740,Adhithya (EVOK) - ChargeMOD,Sulthan Bathery,Kerala,India,11.66208634,76.26492171,4,Operational,ChargeMod (IN)
313739,Meenangadi EVCS - ChargeMOD,Meenangadi,Kerala,India,11.6540457,76.15358524,2,Operational,ChargeMod (IN)
313738,Konfudha Resort - ChargeMOD,Kalpetta,Kerala,India,11.59145545,76.07090978,4,Operational,ChargeMod (IN)
313737,Vythiri KSEB EVCS - ChargeMOD,Vythiri,Kerala,India,11.54575372,76.03937193,6,Operational,ChargeMod (IN)
313736,Thamarassery KESEB EVCS - ChargeMOD,Thamarassery,Kerala,India,11.44408743,75.95587691,6,Operational,ChargeMod (IN)
313735,Locus EVCS - ChargeMOD,Koduvally,Kerala,India,11.33968384,75.89871569,6,Operational,ChargeMod (IN)
313734,Yadav EV Charging Station - ChargeMOD,Kunnamangalam,Kerala,India,11.31169215,75.8825934,2,Operational,ChargeMod (IN)
313733,Kuttoth Enterprises EVCS - ChargeMOD,Kozhikode,Kerala,India,11.28067356,75.82463167,1,Operational,ChargeMod (IN)
313732,RG Nallanna EVCS (EVOK) - ChargeMOD,Kozhikode,Kerala,India,11.28081467,75.82434977,1,Operational,ChargeMod (IN)
313731,Solar Sparks EVCS - ChargeMOD,Koyilandi,Kerala,India,11.42767541,75.70299624,1,Operational,ChargeMod (IN)
313729,Hotel Arcore,Mysuru,Karnataka,India,12.3526874,76.6292033,1,Operational,Zeon Charging
313728,Manipal Hospital Mysore,Mysuru,Karnataka,India,12.35014588,76.66019891,1,Operational,Zeon Charging
313727,Pavangad KSEB EVCS - ChargeMOD,Pavangad,Kerala,India,11.31241162,75.75859063,6,Operational,ChargeMod (IN)
313726,Gandhi Road KSEB EVCS - ChargeMOD,Kozhikode,Kerala,India,11.26278446,75.76824105,1,Operational,ChargeMod (IN)
313725,Mountainpass Residency - ChargeMOD,Vazhikadavu,Kerala,India,11.38662806,76.35472249,1,Operational,ChargeMod (IN)
313724,Trends Edavannappara EVCS - ChargeMOD,Edavannappara,Kerala,India,11.24532315,75.97749175,1,Operational,ChargeMod (IN)
313723,Indus Motors - ChargeMOD,Feroke,Kerala,India,11.18074376,75.85119864,1,Operational,ChargeMod (IN)
313722,Kay Pees Electricals (EVOK) - ChargeMOD,Pulikkal,Kerala,India,11.16886778,75.92676863,1,Operational,ChargeMod (IN)
313721,RG Nallanna EVCS (EVOK) - ChargeMOD,Aikkarapadi,Kerala,India,11.17327991,75.9021518,1,Operational,ChargeMod (IN)
313720,Barakah Tiles and Stones | EVOK | Thenhipalam,Pingottoormad,Kerala,India,11.14491898,75.89616976,2,Operational,ChargeMod (IN)
313719,Tirur KSEB EVCS - ChargeMOD,Tirur,Kerala,India,10.91624728,75.91828654,5,Operational,ChargeMod (IN)
313718,Relax Point Restaurant,Karippol,Kerala,India,10.92282041,76.03291841,2,Operational,ChargeMod (IN)
313717,Thirunilath ECVS Charging Station - ChargeMOD,Kottakkal,Kerala,India,11.00172659,75.98044942,2,Operational,ChargeMod (IN)
313716,Malappuram KSEB EVCS - ChargeMOD,Munduparamba,Kerala,India,11.05422453,76.09214302,6,Operational,ChargeMod (IN)
313715,Krishna Enterprises - ChargeMOD,Manjeri,Kerala,India,11.12303335,76.11586843,1,Operational,ChargeMod (IN)
313714,Golden Baked EVCS - ChargeMOD,Manjeri,Kerala,India,11.12341107,76.12418516,1,Operational,ChargeMod (IN)
313713,EcoCharge EVCS - ChargeMOD,Pandikkad,Kerala,India,11.09639986,76.21070705,2,Operational,ChargeMod (IN)
313712,MKM Melattur (EVOK) - ChargeMOD,Melattur,Kerala,India,11.05620809,76.27851203,2,Operational,ChargeMod (IN)
313711,Green Drive EVCS - ChargeMOD,Vengoor,Kerala,India,11.03450239,76.26188661,1,Operational,ChargeMod (IN)
313710,Hotel Mughal Park - ChargeMOD,Perinthalmanna,Kerala,India,10.97719389,76.22165089,2,Operational,ChargeMod (IN)
313709,Avenue Plaza - ChargeMOD,Mannarkkad,Kerala,India,10.98886452,76.43668851,2,Operational,ChargeMod (IN)
313708,Velanthavalam,Vellamthavalam,Kerala,India,10.80936299,76.84632159,4,Operational,ChargeMod (IN)
313707,Flash Charge EVCS - ChargeMOD,Kanjikkode,Kerala,India,10.80227998,76.78520299,2,Operational,ChargeMod (IN)
313706,Electrica EVCS - ChargeMOD,Palakkad,Kerala,India,10.78535486,76.60395568,2,Operational,ChargeMod (IN)
313705,Sihla Energy - ChargeMOD,Mundur,Kerala,India,10.83949185,76.57999971,1,Operational,ChargeMod (IN)
313704,Lakshmi KRS EVCS - ChargeMOD,Sreekrishnapuram,Kerala,India,10.89808011,76.39529565,1,Operational,ChargeMod (IN)
313703,Evee Buddy - ChargeMOD,Lakkidi,Kerala,India,10.77814249,76.43743038,2,Operational,ChargeMod (IN)
313702,Kulappully KSEB EVCS - ChargeMOD,Kulappully,Kerala,India,10.77974601,76.28528086,9,Operational,ChargeMod (IN)
313701,Syndicate Mall and Cinemas,Koppam,Kerala,India,10.87826592,76.18760662,1,Operational,ChargeMod (IN)
313700,Medi Mall EVCS - ChargeMOD,Pattambi,Kerala,India,10.80158611,76.17840843,2,Operational,ChargeMod (IN)
313699,Koottanad KSEB EVCS - ChargeMOD,Kootanad,Kerala,India,10.7582932,76.13036645,1,Operational,ChargeMod (IN)
313698,Sihla Energy EVCS - ChargeMOD,Changaramkulam,Kerala,India,10.73455196,76.04864669,2,Operational,ChargeMod (IN)
313697,Kadharkkante Chayakkada - ChargeMOD,Changaramkulam,Kerala,India,10.73260554,76.03743007,1,Operational,ChargeMod (IN)
313696,Maranchery Bank EVCS - ChargeMOD,Maranchery,Kerala,India,10.73382407,75.97481312,2,Operational,ChargeMod (IN)
313695,Sihla Energy CV Junction,Ponnanu,Kerala,India,10.78474624,75.94715236,1,Operational,ChargeMod (IN)
313694,Ponnani KSEB EVCS - ChargeMOD,Ponnani,Kerala,India,10.77270263,75.9471515,6,Operational,ChargeMod (IN)
313693,Flash Charge EVCS - ChargeMOD,Erumappetti,Kerala,India,10.68134082,76.16966999,2,Operational,ChargeMod (IN)
313692,SR Power Hub - ChargeMOD,Wadakkanchery,Kerala,India,10.64441131,76.23665238,4,Operational,ChargeMod (IN)
313690,Executive EVCS - ChargeMOD,Kechery,Kerala,India,10.61662659,76.12578392,3,Operational,ChargeMod (IN)
313688,Core Multicusine Restaurant - ChargeMOD,Killannur,Kerala,India,10.60582367,76.21178763,1,Operational,ChargeMod (IN)
313683,Plug and Share Charge EVCS - ChargeMOD,Thrissur,Kerala,India,10.54056179,76.21568678,2,Operational,ChargeMod (IN)
313682,Vydyuthi Bhavan KSEB EVCS - ChargeMOD,Thrissur,Kerala,India,10.52779471,76.20534385,6,Operational,ChargeMod (IN)
313681,V8 Car Spa (EVOK) - ChargeMOD,Thrissur,Kerala,India,10.5213323,76.23075685,2,Operational,ChargeMod (IN)
313679,Guardian EV Charging Station by Imminent Future - ChargeMOD,Thrissur,Kerala,India,10.52203616,76.2275689,1,Operational,ChargeMod (IN)
313678,Anchorage AC - ChargeMOD,Mundupalam,Kerala,India,10.51150301,76.22112426,1,Not Operational,ChargeMod (IN)
313677,Flash Hub EVCS - ChargeMOD,Thrissur,Kerala,India,10.50445167,76.22534147,4,Operational,ChargeMod (IN)
313676,Hotel Bhavan EVCS (EVOK) - ChargeMOD,Engandiyoor,Kerala,India,10.49768853,76.06464226,1,Operational,ChargeMod (IN)
313675,Surya Hotel (EVOK) - ChargeMOD,Chazhoor,Kerala,India,10.43156926,76.14255951,2,Operational,ChargeMod (IN)
313673,Valappad KSEB EVCS - ChargeMOD,Valappad,Kerala,India,10.40173221,76.11933512,6,Operational,ChargeMod (IN)
313672,Nattika FIRKA Service Co-Operative Bank - ChargeMOD,Nattika,Kerala,India,10.40243778,76.11263308,2,Operational,ChargeMod (IN)
313671,Sihla Energy EVCS - ChargeMOD,Karuvannur,Kerala,India,10.408609,76.2140256,2,Operational,ChargeMod (IN)
313670,Irinjalakkuda KSEB EVCS - ChargeMOD,Irinjalakkuda,Kerala,India,10.3314231,76.21526077,1,Operational,ChargeMod (IN)
313669,Changathikoottam EVCS - ChargeMOD,Nenmara,Kerala,India,10.59340334,76.5835252,1,Operational,ChargeMod (IN)
313667,Vadakkenchery KSEB EVCS - ChargeMOD,Vadakkenchery,Kerala,India,10.59723817,76.47984937,6,Operational,ChargeMod (IN)
313665,Evee Buddy - ChargeMOD,Vadakkencherry,Kerala,India,10.59195731,76.46571177,2,Temporarily Unavailable,ChargeMod (IN)
313662,Plugin EVCS - ChargeMOD,Marathakkara,Kerala,India,10.47682692,76.25758185,3,Operational,ChargeMod (IN)
313661,Topup Zone EVCS - ChargeMOD,Amballur,Kerala,India,10.43389238,76.26514872,2,Operational,ChargeMod (IN)
313659,EV Point EVCS - ChargeMOD,Kodakara,Kerala,India,10.38066087,76.29768618,2,Operational,ChargeMod (IN)
313658,Korner EVCS - ChargeMOD,Thrissur,Kerala,India,10.36704848,76.31535658,1,Operational,ChargeMod (IN)
313656,Flash Charge EVCS - ChargeMOD,Chalakudy,Kerala,India,10.33960893,76.32174631,2,Operational,ChargeMod (IN)
313655,Edassery Samrudhi Hypermarket (EVOK) - ChargeMOD,Chalakudy,Kerala,India,10.30310177,76.33704224,1,Operational,ChargeMod (IN)
313654,Indian Coffee House (EVOK) - ChargeMOD,Chalakkudy,Kerala,India,10.2893433,76.3370682,1,Operational,ChargeMod (IN)
313653,Clay House Hotel,Chalakkudy,Kerala,India,10.28557423,76.34237765,1,Operational,ChargeMod (IN)
313650,Hill View Resort (EVOK) - ChargeMOD,Athirappilly,Kerala,India,10.28603965,76.55851558,2,Operational,ChargeMod (IN)
313649,EVOK Charging Station - ChargeMOD,Angamaly,Kerala,India,10.21406148,76.37936729,1,Operational,ChargeMod (IN)
313648,Edassery Blue Bells EVCS - ChargeMOD,Angamaly,Kerala,India,10.19714412,76.38410959,2,Operational,ChargeMod (IN)
313647,Hotel Elite Palazzo,Angamaly,Kerala,India,10.1897534,76.38664227,2,Operational,ChargeMod (IN)
313646,ChargeMOD EVCS Hub,Nedumbassery,Kerala,India,10.1695516,76.37225561,6,Operational,ChargeMod (IN)
313645,CIAL Terminal 3,Nedumbassery,Kerala,India,10.15658638,76.39193156,4,Operational,ChargeMod (IN)
313644,CIAL Terminal 1,Nedumbassery,Kerala,India,10.15686756,76.3889799,4,Operational,ChargeMod (IN)
313643,Capgo EVCS - ChargeMOD,Nedumbassery,Kerala,India,10.15991448,76.38915827,1,Operational,ChargeMod (IN)
313642,Jippus Galaxy EVCS - ChargeMOD,Nedumbassery,Kerala,India,10.16106206,76.38563078,1,Operational,ChargeMod (IN)
313641,Airsuite Airport Hotel,Nedumbassery,Kerala,India,10.15929513,76.37852288,1,Not Operational,ChargeMod (IN)
313640,North Paravoor KSEB EVCS - ChargeMOD,North Paravoor,Kerala,India,10.14563298,76.25690381,5,Operational,ChargeMod (IN)
313639,Dhruv EVCS - ChargeMOD,Kunnukara,Kerala,India,10.15491305,76.28601445,2,Operational,ChargeMod (IN)
313638,Sulfex Mattress (EVOK) - ChargeMOD,Choornikkara,Kerala,India,10.08155965,76.33986742,1,Operational,ChargeMod (IN)
313637,EVM MG Motors Coastline Garage - ChargeMOD,Kochi,Kerala,India,10.07728448,76.33764123,2,Operational,ChargeMod (IN)
313636,Steelane (EVOK) - ChargeMOD,Kalamassery,Kerala,India,10.04043387,76.33852407,1,Operational,ChargeMod (IN)
313635,Kalamassery KSEB EVCS - ChargeMOD,Kalamassery,Kerala,India,10.05377003,76.33086763,6,Operational,ChargeMod (IN)
313634,Rajagiri College EVCS - ChargeMOD,Kalamassery,Kerala,India,10.05245925,76.3146563,3,Operational,ChargeMod (IN)
313633,Flash Charge - ChargeMOD,Edappally,Keral,India,10.02776086,76.31117444,2,Operational,ChargeMod (IN)
313632,Kaloor KSEB EVCS - ChargeMOD,Kaloor,Kerala,India,10.00024104,76.29842982,6,Operational,ChargeMod (IN)
313631,Gandhinagar KSEB EVCS - ChargeMOD,Kochi,Kerala,India,9.97419253,76.2936817,6,Operational,ChargeMod (IN)
313630,Chillax EVCS (EVOK) - ChargeMOD,Thammanam,Kerala,India,9.985005178,76.31606543,1,Operational,ChargeMod (IN)
313629,Evee Buddy - Memaid EVCS - ChargeMOD,Vyttila,Kerala,India,9.971684804,76.32415963,1,Operational,ChargeMod (IN)
313628,Broad Bean Hotel (EVOK) - ChargeMOD,Vyttila,Kerala,India,9.962667763,76.31821354,2,Operational,ChargeMod (IN)
313627,Vyttila KSEB EVCS - ChargeMOD,Vyttila,Keral,India,9.962901963,76.31922071,6,Operational,ChargeMod (IN)
313626,BYD EVM Southcoast Service Centre - ChargeMOD,Maradu,Kerala,India,9.948134986,76.31850176,2,Operational,ChargeMod (IN)
313625,EVM La Maison Citroen Kochi - ChargeMOD,Maradu,Kerala,India,9.940155101,76.31841841,2,Operational,ChargeMod (IN)
313624,LiON EVCS - ChargeMOD,Maradu,Kerala,India,9.942225213,76.3338851,2,Operational,ChargeMod (IN)
313623,Rajagiri Hospital EVCS - ChargeMOD,Aluva,Kerala,India,10.08803183,76.38904221,4,Operational,ChargeMod (IN)
313622,Raos EVCS - ChargeMOD,Thrippunithara,Kerala,India,9.932546342,76.38829398,1,Operational,ChargeMod (IN)
313621,PPG Home EVCS - ChargeMOD,Thrippunithara,Kerala,India,9.932987602,76.38873573,4,Operational,ChargeMod (IN)
313620,Hound Mobility EVCS | Kakkanad,Kakkanad,Kerala,India,10.00180181,76.36151799,4,Operational,ChargeMod (IN)
313619,Wonderla - Statiq,Pallikkara,Kerala,India,10.02602207,76.39199597,5,Operational,Statiq (IN)
313618,Matha DC EVCS - ChargeMOD,Kizhakkambalam,Kerala,India,10.03193693,76.40749252,2,Operational,ChargeMod (IN)
313617,Hotel Oottupura (EVOK) - ChargeMOD,Perumbavoor,Kerala,India,10.13017087,76.47072021,1,Operational,ChargeMod (IN)
313616,Renvolt (EVOK) - ChargeMOD,Kothamangalam,Kerala,India,10.06947007,76.60263007,2,Operational,ChargeMod (IN)
313615,Kothamangalam KSEB EVCS - ChargeMOD,Kothamangalam,Kerala,India,10.05398054,76.6153842,6,Operational,ChargeMod (IN)
313614,GATR PowerFin EVCS - ChargeMOD,Muvattupuzha,Kerala,India,9.979468553,76.55067813,1,Operational,ChargeMod (IN)
313613,PlugMap EVCS by Evan and Eyan,Moovattupuzha,Kerala,India,9.978862994,76.58443995,4,Operational,ChargeMod (IN)
313612,Kabani International (EVOK) - ChargeMOD,Moovattupuzha,Kerala,India,9.979118268,76.58664023,2,Operational,ChargeMod (IN)
313611,Pineapple City EVCS - ChargeMOD,Thodupuzha,Kerala,India,9.94615736,76.635631,2,Operational,ChargeMod (IN)
313610,Hotel Woodlands - ChargeMOD,Thodupuzha,Kerala,India,9.917340697,76.68758141,2,Operational,ChargeMod (IN)
313609,Thodupuzha KSEB EVCS - ChargeMOD,Thodupuzha,Kerala,India,9.892123472,76.70853053,6,Operational,ChargeMod (IN)
313608,EQ EV Nest - ChargeMOD,Karimkunnam,Kerala,India,9.863113531,76.69709052,2,Operational,ChargeMod (IN)
313606,Royal EV Charging - ChargeMOD,Koothattukulam,Keraka,India,9.856562504,76.5965698,3,Operational,ChargeMod (IN)
313605,EQ ChargeMate - ChargeMOD,Thalayolaparambu,Kerala,India,9.798850817,76.45988738,2,Operational,ChargeMod (IN)
313603,Sihla Energy - ChargeMOD,Kumarakom,Kerala,India,9.594581375,76.42606942,2,Operational,ChargeMod (IN)
313602,BMW EVM Autokraft Service Center - ChargeMOD,Kochuveli,Kerala,India,8.502329328,76.89772557,1,Operational,ChargeMod (IN)
313601,ChargeMOD EVCS,Thiruvananthapuram,Kerala,India,8.357873853,77.07294498,2,Operational,ChargeMod (IN)
313600,Emily By JDaniels,Poojappura,Kerala,India,8.494974778,76.97756798,2,Operational,ChargeMod (IN)
313599,Nuke EVCS - ChargeMOD,Sreekaryam,Kerala,India,8.548542375,76.91829328,2,Operational,ChargeMod (IN)
313598,Electro Zone EV Fast Charging Station - ChargeMOD,Karyavattom,Kerala,India,8.560820152,76.89816464,1,Operational,ChargeMod (IN)
313597,Akshaya EV Fast Charging Station - ChargeMOD,Kazhakuttom,Kerala,India,8.565300166,76.87444738,2,Operational,ChargeMod (IN)
313594,Moolamattom KSEB EVCS - ChargeMOD,Moolamattom,Kerala,India,9.789170222,76.85385689,6,Operational,ChargeMod (IN)
313593,EQ Vagamon EV Port - ChargeMOD,Vagamon,Kerala,India,9.684303987,76.89548264,3,Operational,ChargeMod (IN)
313592,Palm Peats (EVOK) - ChargeMOD,Erattupetta,Kerala,India,9.690678968,76.77458973,1,Operational,ChargeMod (IN)
313591,Flour Mill (EVOK) - ChargeMOD,Pala,Kerala,India,9.711918348,76.6932445,1,Operational,ChargeMod (IN)
313590,Jim and Jims EVCS - ChargeMOD,Pala,Kerala,India,9.691623798,76.64031695,4,Operational,ChargeMod (IN)
313589,Alpha Hangout Play World,Ettumanoor,Kerala,India,9.661163852,76.55132833,2,Operational,ChargeMod (IN)
313587,Gandhi Nagar KSEB EVCS - ChargeMOD,Arpookara,Kerala,India,9.632684209,76.5244017,5,Operational,ChargeMod (IN)
313586,Indraprastha Hotel (EVOK) - ChargeMOD,Kottayam,Kerala,India,9.601836959,76.53215901,1,Operational,ChargeMod (IN)
313585,Charge n Fresh EVCS - ChargeMOD,Kottayam,Kerala,India,9.586257488,76.58841522,2,Operational,ChargeMod (IN)
313584,Pallam KSEB EVCS - ChargeMOD,Pallom,Kerala,India,9.543064907,76.51423133,6,Operational,ChargeMod (IN)
313583,Amma Restaurant,Alappuzha,Kerala,India,9.519932045,76.32752164,1,Operational,ChargeMod (IN)
313582,Thankamanys EV Fast Charging Station - ChargeMOD,Alappuzha,Kerala,India,9.505147465,76.32832598,1,Operational,ChargeMod (IN)
313581,Punnapra KSEB EVCS - ChargeMOD,Punnapra,Kerala,India,9.425616903,76.34677264,5,Operational,ChargeMod (IN)
313580,Pathalil EVCS - Charge MOD,Nedumkunnam,Kerala,India,9.506164436,76.65233361,2,Operational,ChargeMod (IN)
313579,JJ E Fills - ChargeMOD,Changanassery,Kerala,India,9.452250326,76.5472389,3,Operational,ChargeMod (IN)
313578,Wealfro EV Hub,Thiruvalla,Kerala,India,9.421076267,76.54613417,1,Operational,ChargeMod (IN)
313577,Anand Hypermarket - ChargeMOD,Thiruvalla,Kerala,India,9.373321982,76.56481065,1,Operational,ChargeMod (IN)
313576,Iongrid EV Spark - ChargeMOD,Edathwa,Kerala,India,9.36752588,76.49951806,3,Operational,ChargeMod (IN)
313575,V Charge Hub - ChargeMOD,Karuvatta,Kerala,India,9.314250283,76.42910773,4,Operational,ChargeMod (IN)
313574,Quick Charge EVCS - ChargeMOD,Karuvatta,Kerala,India,9.315750049,76.4012212,7,Operational,ChargeMod (IN)
313569,Phills Hub EVCS - ChargeMOD,Pathanamthitta,Kerala,India,9.316652369,76.80090227,2,Operational,ChargeMod (IN)
313567,Pamba KSEB EVCS - ChargeMOD,Pamba,Kerala,India,9.412378119,77.06996856,6,Operational,ChargeMod (IN)
313560,EVOK Pathanamthitta - ChargeMOD,Pathanamthitta,Kerala,India,9.306222052,76.80366578,1,Operational,ChargeMod (IN)
313559,Green Plug EVCS - ChargeMOD,Chengannur,Kerala,India,9.271844657,76.65508789,1,Operational,ChargeMod (IN)
313557,PTC Arcade - ChargeMOD,Chengannur,Kerala,India,9.301293402,76.63077878,3,Operational,ChargeMod (IN)
313555,Muzhangodayil EVCS - ChargeMOD,Harippad,Unknown,India,9.251673853,76.48723264,2,Temporarily Unavailable,ChargeMod (IN)
313554,Askar EV - ChargeMOD,Mavelikkara,Kerala,India,9.23250558,76.53790278,1,Operational,ChargeMod (IN)
313553,Anaswara Jewellers EVCS - ChargeMOD,Konni,Kerala,India,9.229128424,76.84839128,1,Operational,ChargeMod (IN)
313552,EQ Power Buzz EVCS - ChargeMOD,Paranthal,Kerala,India,9.187183741,76.7092955,2,Operational,ChargeMod (IN)
313550,Adhithya Green Power - ChargeMOD,Paranthal,Kerala,India,9.180307946,76.70896676,1,Operational,ChargeMod (IN)
313549,SR Auto Zone - ChargeMOD,Adoor,Kerala,India,9.162499405,76.71051678,1,Operational,ChargeMod (IN)
313548,Artemis EV Super Charger - ChargeMOD,Mavelikkara,Kerala,India,9.198881109,76.6001765,2,Operational,ChargeMod (IN)
313547,Royale Regency (EVOK) - ChargeMOD,Ochira,Kerala,India,9.130625595,76.51429714,1,Operational,ChargeMod (IN)
313546,Delight Launch Cafe - ChargeMOD,Kottarakkara,Kerala,India,9.059350297,76.76600397,2,Operational,ChargeMod (IN)
313545,Ente Veedu Interior (EVOK) - ChargeMOD,Kottarakkara,Kerala,India,9.03035187,76.78219777,1,Operational,ChargeMod (IN)
313541,Thenmala EVOK - ChargeMOD,Thenmala,Kerala,India,8.966824196,77.05562963,1,Operational,ChargeMod (IN)
313540,Plug N Pay EVCS - ChargeMOD,Odanavattom,Kerala,India,8.93504521,76.77241548,1,Operational,ChargeMod (IN)
313539,Kundara KSEB - ChargeMOD,Kundara,Kerala,India,8.957185858,76.67133653,6,Operational,ChargeMod (IN)
313538,Sree Suprabhatham - ChargeMOD,Kollam,Kerala,India,8.926969524,76.55280315,2,Operational,ChargeMod (IN)
313537,Bishop Jerome Nagar (EVOK) EVCS - ChargeMOD,Chinnakkada,Kerala,India,8.887577414,76.58843661,2,Operational,ChargeMod (IN)
313536,VOX Xpress Wash (EVOK) - ChargeMOD,Kollam,Kerala,India,8.873868016,76.64100893,1,Operational,ChargeMod (IN)
313535,EVOK Charging Stattion - ChargeMOD,Parippalli,Kerala,India,8.819673868,76.75363731,1,Operational,ChargeMod (IN)
313534,Plug N Pay EVCS,Kottarakkara,Kerala,India,8.935694035,76.85104921,2,Operational,ChargeMod (IN)
313533,Kottiyam KSEB EVCS - ChargeMOD,Kottiyam,Kerala,India,8.866370095,76.66887781,6,Temporarily Unavailable,ChargeMod (IN)
313532,Avananchery KSEB EVCS - ChargeMOD,Attingal,Kerala,India,8.690987764,76.84839779,6,Operational,ChargeMod (IN)
313531,Paruthippara KSEB EVCS - ChargeMOD,Paruthippara,Kerala,India,8.534933841,76.94198426,6,Operational,ChargeMod (IN)
313530,Pattom KSEB EVCS - ChargeMOD,Pattom,Kerala,India,8.516753527,76.93968818,6,Operational,ChargeMod (IN)
313529,ANERT EESL - Pinarayi Park,Kannur,Kerala,India,11.7952321,75.4902189,3,Operational,EESL (IN)
313528,ANERT EESL - Aahar Restaurant Vadakara,Vadakara,Kerala,India,11.58636489,75.59322034,3,Operational,EESL (IN)
313527,ANERT EESL - Moosakkutti Memorial Bus Stand,Perinthalmanna,Kerala,India,10.97506931,76.22228328,3,Operational,EESL (IN)
313526,ANERT EESL - Kanjirappuzha Garden,Mannarkkad,Keral,India,10.98925926,76.53701214,3,Operational,EESL (IN)
313525,ANERT EESL - KTDC Aahar Restaurant ,Kayamkulam,Lerala,India,9.149021955,76.51291823,3,Operational,EESL (IN)
313515,ANERT EESL - Kulappulli Bus Stand,Shornur,Kerala,India,10.78101644,76.27832766,3,Operational,EESL (IN)
313514,ANERT EESL - KILA Thrissur,Thrissur,Kerala,India,10.60158189,76.21488231,3,Operational,EESL (IN)
313513,ANERT EESL - Chittur Thathamangalam Minicipality,Palakkad,Kerala,India,10.69295155,76.72626208,3,Operational,EESL (IN)
313512,ANERT EESL - DTPC Idukki Park,Idukki,Kerala,India,9.849056509,76.97740371,3,Operational,EESL (IN)
313511,ANERT EESL - Ernakulam,Ernakulam,Kerala,India,9.976988501,76.27781052,4,Operational,EESL (IN)
313510,ANERT EESL - Autokast ,Cherthala,Kerala,India,9.63370013,76.33372245,3,Operational,EESL (IN)
313509,ANERT EESL Milma Diary Plant - EESL,Pathanamthitta,Kerala,India,9.218788692,76.74875398,3,Operational,EESL (IN)
313508,ANERT - EESL Sangamukham - EESL,Thiruvananthapuram,Kerala,India,8.481014702,76.91264314,4,Operational,EESL (IN)
313507,Apco Hyundai - ChargeZone,Chengala,Kerala,India,12.50891488,75.04478426,2,Planned For Future Date,Chargezone (India)
313506,Thiruvangoor EV Fast Charging Station - ChargeMOD,Kozhikode,Kerala,India,11.38282724,75.7359365,2,Operational,ChargeMod (IN)
313505,MB#Bridgeway Motors,Kozhikode,Kerala,India,11.28249895,75.7695995,2,Operational,ChargeMod (IN)
313504,KVR Hyundai - ChargeZone,Kozhikode,Kerala,India,11.27997831,75.7704806,2,Planned For Future Date,Chargezone (India)
313503,Grand Hyundai - ChargeZone,Palakkad,Kerala,India,10.79047661,76.65111939,2,Operational,Chargezone (India)
313502,MB#Bridgeway Motors,Thrissur,Kerala,India,10.47104712,76.25745903,2,Operational,ChargeMod (IN)
313501,Kochi Marriot Hotel,Kochi,Kerala,India,10.02982815,76.30813431,2,Planned For Future Date,Chargezone (India)
313500,Le Meridien - ChargeZone,Ernakulam,Kerala,India,9.933863177,76.31687406,2,Planned For Future Date,Chargezone (India)
313499,MB#Coastal Star,Ernakulam,Kerala,India,9.92299022,76.31768925,2,Operational,ChargeMod (IN)
313498,GreenVeel,Muvattupuzha,Kerala,India,9.973783778,76.60069409,1,Operational,ChargeMod (IN)
313497,GreenVeel - ChargeZone,Idukki,Kerala,India,9.89265954,76.71176414,3,Operational,ChargeMod (IN)
313496,Athirampuzha,Kottayam,Kerala,India,9.661688306,76.55113746,2,Operational,ChargeMod (IN)
313495,SS Hyundai,Pathanamthitta,Kerala,India,9.277744925,76.75468311,2,Operational,Chargezone (India)
313494,GDM Auditorium - ChargeZone,Kayamkulam,Kerala,India,9.169962389,76.49808792,2,Operational,Chargezone (India)
313493,Hotel Indraprastha,Karunagappalli,Kerala,India,9.052355042,76.53546081,2,Operational,Chargezone (India)
313492,Best EVCS - ChargeMOD,Karunagappalli,Kerala,India,9.046053009,76.53663078,2,Operational,Chargezone (India)
313491,Instacharge EV Fast Charging and Café,Kollam,Kerala,India,8.915427161,76.61486887,4,Operational,ChargeMod (IN)
313490,Chungath Sprise Hyundai - ChargeZone,Kollam,Kerala,India,8.911104862,76.62735316,2,Planned For Future Date,Chargezone (India)
313489,KVE Charge,Varkala,Kerala,India,8.737548356,76.70789801,3,Operational,ChargeMod (IN)
313488,Marvel Paints,Thiruvananthapuram,Kerala,India,8.535706208,76.96526204,2,Operational,ChargeMod (IN)
313475,Raj Residency - Zeon,Kanhangad,Kerala,India,12.30424174,75.09704178,1,Operational,Zeon Charging
313474,Koodali SCB,Kannur,Kerala,India,11.9270166,75.50042206,1,Operational,Zeon Charging
313472,Co-Operqative Bank - Zeon,Kathirur,Kerala,India,11.78788559,75.53302105,3,Operational,Zeon Charging
313471,Down Town Mall - Zeon,Thalasseri,Kerala,India,11.74512339,75.49541917,2,Operational,Zeon Charging
313469,Issacs Centre Square - Zeon,Sulthan Batheri,Kerala,India,11.66124226,76.25568142,1,Operational,Unknown
313468,Great Trails Wayanad by GRT Hotels,Kalpetta,Kerala,India,11.63045584,76.01814584,1,Operational,Zeon Charging
313467,Nesto Hypermarket - Zeon,Kalpetta,Kerala,India,11.60311373,76.08314904,1,Operational,Zeon Charging
313465,HiLite Mall - Zeon,Kozhikode,Kerala,India,11.24810247,75.83413592,4,Operational,Zeon Charging
313464,HiLite Business Park - Zeon,Kozhikode,Kerala,India,11.24701616,75.83467864,3,Operational,Zeon Charging
313461,Nesto Hypermarket - Zeon,Kottakkal,Kerala,India,10.99573941,75.99210994,2,Operational,Zeon Charging
313460,Club Sulaimani - Zeon,Kottakkal,Kerala,India,10.98386743,75.9980295,1,Operational,Zeon Charging
313459,Nesto Hypermarket Zeon,Thirur,Kerala,India,10.90772625,75.92032568,2,Operational,Zeon Charging
313458,Emirates Mall - Zeon,Edappal,Kerala,India,10.78602051,76.00816182,1,Operational,Zeon Charging
313456,Hotel Devaragam,Guruvayur,Kerala,India,10.59562258,76.04459843,1,Operational,Zeon Charging
313455,Nesto Hypermarket,Thrissur,Kerala,India,10.53992625,76.19288758,2,Operational,Zeon Charging
313454,Dream City Convention Center,Pattikkad,Kerala,India,10.55587199,76.32282252,1,Operational,Zeon Charging
313453,Chennai Ananda Bhavan,Thrissur,Kerala,India,10.5127597,76.25891675,2,Operational,Zeon Charging
313452,Hilite Mall,Thrissur,Kerala,India,10.49548871,76.25680253,5,Operational,Zeon Charging
313451,Mughal Mall,Kodungallur,Kerala,India,10.23131902,76.1972431,2,Operational,Zeon Charging
313450,Maxx Inn M Star,Angamaly,Kerala,India,10.22272376,76.37569774,1,Operational,Zeon Charging
313449,Club Mahindra Resort - Cherai Beach,Cherai,Kerala,India,10.137094,76.18028953,2,Operational,Zeon Charging
313447,Grand Mall,Edappalli,Kerala,India,10.02416042,76.30871193,3,Operational,Zeon Charging
313446,Gokul Oottupura Restaurant,Edappalli,Kerala,India,10.01114482,76.31249741,1,Operational,Zeon Charging
313445,Brunton Boatyard,Cochin,Kerala,India,9.968304525,76.24570948,1,Operational,Zeon Charging
313444,Casino Hotel,Kochi,Kerala,India,9.961431244,76.26949095,1,Operational,Zeon Charging
313443,Hotel Ganga Grand,Moovattupuzha,Kerala,India,9.981770566,76.57830423,2,Operational,Zeon Charging
313442,Eden Wood Resorts,Munnar,Kerala,India,10.02567632,77.05377106,1,Operational,Zeon Charging
313441,Club Mahindra Aleppey Resort,Arookutty,Kerala,India,9.859751104,76.33582417,2,Operational,Zeon Charging
313440,CGH Marari Beach,Mararikulam,Kerala,India,9.596033619,76.30277024,1,Operational,Zeon Charging
313439,Cassia Restaurant,Alappuzha,Kerala,India,9.518713883,76.32748515,2,Operational,Zeon Charging
313438,Hotel Aida,Kottayam,Kerala,India,9.582880476,76.52168622,1,Operational,Zeon Charging
